,neighborhood_overview
280,"['about', 'the', ""'hood:"", 'short', 'to', 'wallingford', 'and', 'fremont', 'main', 'drags', 'with', 'out-of-this-world', 'dining', 'and', 'drinking', 'options.', 'check', 'out', 'lake', 'union,', 'gasworks', 'park,', 'the', 'burke-gillman', 'trail,', 'woodland', 'park', 'zoo,', 'green', 'lake,', 'university', 'of', 'washington,', 'the', 'fremont', 'troll,', 'and', 'more...', 'all', 'within', 'distance.', 'i', 'have', 'a', 'full', 'guide', 'for', 'all', 'the', 'hot', 'spots', 'in', 'that', 'i', 'provide', 'each', 'guest.']"
282,"['this', 'apartment', 'is', 'nestled', 'on', 'the', 'border', 'of', ""seattle's"", 'trendy', 'and', 'popular', 'fremont/wallingford', 'neighborhoods.', 'known', 'as', 'the', ""'center"", 'of', 'the', ""universe',"", ""it's"", 'close', 'to', 'downtown', 'while', 'offering', 'much', 'to', 'explore', 'locally.', 'just', 'a', 'six', 'minute', 'to', ""seattle's"", 'woodland', 'park', 'zoo.', 'close', 'to', 'the', 'famous', 'fremont', 'troll,', ""theo's"", 'chocolate', 'factory,', 'the', 'burke', 'gilman', 'biking', 'trail,', 'the', 'greenlake', 'trail,', 'gasworks', 'park,', 'as', 'well', 'as', 'dozens', 'of', 'wonderful', 'restaurants', 'and', 'funky', 'local', 'shops.', 'parking', 'is', 'provided,', 'but', 'there', 'is', 'no', 'need', 'for', 'a', 'car', 'in', 'this', 'location.', 'fremont', 'is', 'home', 'to', 'a', 'renowned', ""farmer's"", 'market', 'as', 'well', 'as', 'many', 'festivals,', 'including', 'the', 'fremont', 'solstice', 'festival', 'and', 'parade', 'and', 'oktoberfest.']"
284,"['our', 'is', 'a', 'favorite!', 'extremely', 'walkable,', 'close', 'to', 'parks,', 'and', 'tasty', 'restaurants.']"
285,"['wallingford', 'is', 'a', 'fantastic', 'for', 'kids', 'and', 'adults', 'alike', 'with', 'the', 'proximity', 'of', 'meridian', 'park', 'and', 'greenlake', 'as', 'well', 'as', 'the', 'restaurants', 'and', 'cafes', 'of', 'tangletown.']"
286,"[""we've"", 'lived', 'here', 'for', '13', 'years', 'and', 'love', 'the', 'house', 'and', 'wallingford', 'neighborhood.', 'in', 'addition', 'to', 'being', 'just', 'a', 'few', 'blocks', 'from', 'almost', 'any', 'amenity', 'you', 'might', 'want,', ""we're"", 'a', ""stone's"", 'throw', 'from', 'a', 'large', 'park', 'and', 'playground,', 'and', 'have', 'friendly,', 'helpful', 'neighbors.', 'wallingford', 'is', 'a', 'quiet', ""that's"", 'home', 'to', 'a', 'mix', 'of', 'newer', 'families,', 'students', 'and', 'longtime', 'residents.']"
287,"[""it's"", 'a', 'quiet', 'block', 'but', 'a', 'short', 'away', 'are', 'more', 'amazing', 'bars,', 'restaurants,', 'music', 'venues,', 'and', 'parks', 'than', 'you', 'can', 'shake', 'a', 'stick', 'at!']"
288,"['we', 'are', 'in', 'the', 'middle', 'of', 'a', 'great', 'area:', 'the', 'uw,', 'the', 'shops', 'and', 'cafes', 'of', 'wallingford,', 'and', 'swimming', 'or', 'around', 'green', 'lake.', 'for', 'those', 'in', 'search', 'of', 'nightlife,', 'downtown', 'and', 'are', 'a', '15', 'minute', 'drive', 'away.']"
289,"['we', 'love', 'the', 'walkability', 'of', 'the', 'neighborhood.', 'whether', 'or', 'running', 'around', 'the', '3', 'mile', 'loop', 'at', 'green', 'lake,', 'relaxing', 'at', ""zooka's"", 'coffee', 'house', 'with', 'a', 'book', 'and', 'a', 'latte', 'or', 'heading', 'eight', 'blocks', 'into', 'vibrant', 'wallingford,', 'your', 'cottage', 'stay', 'promises', 'to', 'be', 'full', 'of', 'adventure,', 'restful', 'moments', 'to', 'savor', 'and', 'daily', 'immersion', 'into', '""foodie', 'heaven"".']"
290,"['***green', 'lake', '/', 'wallingford***', 'is', 'the', 'best', 'in', 'seattle!', 'green', 'lake', 'is', ""seattle's"", 'most', 'beloved', 'park.', 'its', 'expanse', 'of', 'water', 'and', 'green', 'space', 'in', 'the', 'center', 'of', 'a', 'dense', 'urban', 'draws', 'thousands', 'of', 'people', 'daily', 'from', 'all', 'over', 'the', 'city.', 'the', 'park', 'serves', 'as', 'a', 'natural', 'preserve', 'for', 'hundreds', 'of', 'species', 'of', 'trees', 'and', 'plants,', 'as', 'well', 'as', 'numerous', 'birds', 'and', 'waterfowl.', 'the', 'newly', 'reconstructed', '2.8-mile', 'path', 'around', 'the', 'lake', 'provides', 'a', 'perfect', 'recreational', 'spot', 'for', 'runners,', 'bikers,', 'skaters', 'and', 'walkers.', 'many', 'others', 'use', 'the', 'athletic', 'fields', 'or', 'visit', 'the', 'park', 'for', 'boating,', 'picnics', 'and', 'swimming.', 'green', 'lake', 'boat', 'rental', 'offers', 'paddle', 'boards,', 'kayaks,', 'canoes,', 'pedal', '&', 'row', 'boats', 'and', 'sailboats.', 'your', 'children', 'can', 'enjoy', 'the', 'several', 'playgrounds', 'near', 'the', 'cottage,', 'one', 'of', 'which', 'is', 'just', '2', 'blocks', 'away.', 'on', 'a', 'hot', 'day,', 'head', 'over', 'to', 'the', 'wading', 'pool', 'or', 'beach', 'at', 'green', 'lake.', 'the', 'cottage', 'is', 'a', 'ten-minute', 'to', 'several', 'restaurants:', '*', 'tangletown', 'zoka', 'coffee', 'shop', '--', 'a', 'great', 'spot', 'for', 'hanging', 'out', '*', 'hiroki', 'specialty', 'des']"
291,"['everything', 'you', 'might', 'need', 'is', 'within', 'distance,', 'unique', 'shops,', 'grocery', 'shopping', 'nearby', '(trader', ""joe's,"", 'whole', 'foods,', 'qfc),', 'great', 'parks,', 'several', 'movie', 'theaters', '(guild', '45th,', 'sundance,', 'varsity)', 'live', 'music', '(seamonster', 'lounge,', 'neptune', 'theater),', 'on', 'street', 'parking']"
292,"['amazing', 'location', '-', 'right', 'next', 'to', 'green', 'lake', 'with', 'many', 'amenities:', 'biking,', 'jogging,', 'inline', 'skating,', 'kayaking,', 'sailing,', 'tennis,', '9', 'short-hole', 'golf,', 'swimming,', 'basketball,', 'sculling,', 'or', 'just', 'sitting', 'an', 'enjoying', 'the', 'scenery.']"
293,"['wallingford', 'terrace', 'is', 'located', 'just', '4', 'blocks', 'from', 'gasworks', 'park,', 'in', 'the', 'heart', 'of', 'the', 'quiet', 'wallingford', 'neighborhood.', 'strolling', 'through', 'the', 'neighborhood,', 'you', 'will', 'find', 'friendly', 'neighbors,', 'children', 'playing,', 'people', 'gardening.', 'our', 'is', 'known', 'for', 'its', 'beautiful', 'homes,', 'breath-taking', 'landscaping,', 'garden', 'arts', 'and', 'sculptures,', 'and', 'sidewalk', 'swings', 'and', 'lending', 'libraries.', 'there', 'is', 'no', 'need', 'for', 'a', 'car,', 'but', 'if', 'you', 'choose', 'to', 'bring', 'one,', 'we', 'can', 'offer', 'a', 'dedicated', 'parking', 'spot', 'upon', 'request.', 'please', 'visit', 'our', 'website', 'at', '(url', 'hidden)', 'and', 'explore', 'the', 'menu', 'along', 'the', 'top', 'of', 'the', 'site', 'to', 'see', 'in', 'detail', 'what', 'wallingford', 'terrace', 'and', 'the', 'surrounding', 'area', 'has', 'to', 'offer.']"
294,"['best', 'in', 'seattle.', 'at', 'least', 'we', 'think', 'so!', 'walk,', 'jog,', 'roller', 'blade', 'or', 'bike', 'around', 'the', 'lake.', 'visit', 'the', 'zoo,', 'join', 'in', 'a', 'pick', 'up', 'game', 'of', 'basketball,', 'soccer', 'or', 'ultimate', 'at', 'the', 'woodland', 'park', 'or', 'green', 'lake', 'playfields.', 'stroll', 'the', 'and', 'take', 'in', 'the', '100', 'year', 'old', 'craftsman-style', 'houses,', 'enjoy', 'a', 'coffee', 'at', 'one', 'of', 'the', 'locally-owned', 'cafes,', 'grab', 'a', 'beer', 'and', 'a', 'bite', 'at', 'a', 'pub,', 'or', 'a', 'meal', 'at', 'one', 'of', 'the', 'many', 'fine', 'restaurants', 'around', 'green', 'lake,', 'tangletown,', 'or', 'wallingford.']"
295,"['the', 'house', 'is', 'located', 'in', 'the', 'middle', 'of', 'the', 'charming', 'wallingford', 'and', 'is', 'within', 'easy', 'distance', 'of', 'a', 'grocery', 'store,', 'myriad', 'restaurants,', 'cafes', 'and', 'other', 'services,', 'and', 'is', 'also', 'near', 'gas', 'works', 'park,', 'the', 'burke-gilman', 'trail,', 'green', 'lake,', 'the', 'woodland', 'park', 'zoo,', 'and', 'the', 'university', 'of', 'washington.']"
296,"['we', 'love', 'that', 'it', 'is', 'friendly,', 'funky,', 'quintessential', 'seattle,', 'and', 'close', 'to', 'lake', 'union,', 'university', 'of', 'washington,', 'fremont,', 'just', 'a', 'bus', 'ride', 'to', 'downtown,', 'and', 'center.', 'other', 'close', 'neighborhoods', 'are', 'ballard,', 'university', 'district,', 'green', 'lake,', 'and', 'a', 'quick', 'uber', 'ride', 'to', 'capital', 'hill.', 'it', 'is', 'very', 'centrally', 'located,', 'and', 'has', 'personality.']"
297,"['wallingford', 'is', 'a', 'central,', 'walkable', 'neighborhood.', 'we', 'have', 'wonderful', 'restaurants,', 'activities,', 'and', 'easy', 'transportation.', 'there', 'are', 'grocery', 'stores,', 'the', 'woodland', 'park', 'zoo,', 'greenlake', 'park,', 'gas', 'works', 'park,', 'and', 'several', 'award-winning', 'restaurants', 'within', 'a', 'short', 'walk.', 'it', 'is', 'just', '5', 'miles', 'from', 'downtown', 'and', 'distance', 'to', 'the', 'wonderful', 'neighborhoods', 'of', 'fremont,', 'ballard,', 'university', 'district,', 'and', 'greenlake.']"
298,"['wallingford', 'is', 'known', 'as', 'the', 'golden', 'triangle', 'with', 'its', 'easy', 'access', 'to', 'ballard,', 'capital', 'hill,', 'and', 'downtown.', 'bike', '/', 'trail', 'to', 'u.w', 'campus', 'close', 'by.', 'distance', 'to', 'restaurants', ',', 'grocery', 'and', 'gas', 'works', 'park.']"
299,"['this', 'vintage', 'restored', '1907', 'home', 'is', 'in', 'the', 'heart', 'of', 'the', 'wallingford', 'community.', 'voted', 'best', 'in', 'seattle.', 'to:', 'green', 'lake-', 'rent', 'bikes,', 'kayaks', '&', '3mi', 'trail.', 'woodland', 'park', 'zoo-a', 'must', 'see', 'lake', 'union-', 'restaurants,', 'sailing', '&', 'bicycle', 'rentals', 'excellent', 'views.', 'u-district', 'u', 'of', 'w', 'u-village-luxury', 'shopping', '2', 'blocks', 'to', 'grocery', 'shopping,', 'bartells,', 'coffee', '&', 'cafes,', '2', 'vintage', 'movie', 'theaters,', 'banking,', 'wine', 'bars,', 'ethnic', '&', 'american', 'restaurants.', 'to', 'bus-', 'be', 'in', 'dt', 'in', '12-20', 'mins', 'pioneer', 'square', 'pike', 'place', 'market', 'art', 'museum', 'waterfront', 'aquarium', 'ferries', '&', 'giant', 'ferris', 'wheel', 'sodo', 'district', 'chinatown', 'mariners', '&', 'seahawks', 'stadiums']"
300,"['our', 'house', 'is', 'just', 'under', 'a', 'mile', 'from', 'green', 'lake', 'park!', '(about', '20', 'minute', 'walk)', 'seattleites', 'and', 'tourists', 'alike', 'flock', 'to', 'green', 'lake', 'to', 'either', 'run,', 'walk,', 'skate', 'or', 'bike', 'around', 'the', '2.8', 'mile', 'paved', 'path.', 'green', 'lake', 'also', 'offers', 'tennis', 'courts,', 'basket', 'ball', 'hoops,', 'swings', 'and', 'slides', 'for', 'the', 'kiddos', 'and', 'paddle', 'boat', 'rentals', 'as', 'well', 'as', 'a', 'indoor', 'pool.', 'during', 'the', 'summer', 'months', 'there', 'are', '2', 'swim', 'beaches,', 'all', 'patrolled', 'by', 'lifeguards.', 'a', 'short', 'mile', 'to', 'the', 'south,', 'is', 'the', 'wallingford', 'district.', 'wallingford', 'is', 'home', 'to', 'quirky', 'bars', 'with', 'a', 'fun', 'night', 'life,', 'homemade', 'ice', 'cream', 'at', 'molly', ""moon's,"", 'restaurants', '&', 'coffee', 'shops.', 'one', 'mile', 'east', 'you', 'will', 'find', 'yourself', 'on', 'university', 'avenue,', 'or', '""the', 'ave"".', 'home', 'of', 'the', 'university', 'of', 'washington', 'as', 'well', 'as', 'vintage', 'shops,', 'cheap', 'eats', 'and', 'great', 'people', 'watching!', 'the', 'husky', 'stadium', 'is', 'also', 'very', 'close', 'if', 'you', 'are', 'visiting', 'for', 'a', 'game.', 'less', 'than', 'a', '2', 'miles', 'west', 'of', 'the', 'house', 'is', 'the', 'woodland', 'park', 'zoo', 'in', 'the', 'phinney', 'ridge', 'of', 'seattle.', 'the', 'woodland', 'park', 'zoo', 'is', 'the', '2']"
302,"['great', 'neighborhood!', 'close', 'to', 'lake', 'union,', 'greenlake,', 'fremont,', 'and', 'the', 'famous', 'molly', 'moons!', ""•there's"", 'a', 'walgreens', 'pharmacy', '(not', '24hrs)', 'on', 'stone', 'and', '45-', 'there', 'you', 'will', 'find', 'toiletries,', 'small', 'food', 'items', 'and', 'anything', 'else', 'you', 'may', 'need.', ""•there's"", 'a', 'qfc', 'on', '45th', 'street', '(great', 'supermarket)—you', 'can', 'north', 'on', 'stone', 'way,', 'make', 'a', 'right', 'on', '45th', 'and', ""it'll"", 'be', 'on', 'your', 'left', 'side', '(about', '3-4', 'blocks)', ""•there's"", 'a', 'bunch', 'of', 'restaurants', 'and', 'dessert', 'places', 'on', '45th', 'street.', 'most', 'locations', 'close', 'around', '9:30pm.', '•greenlake', 'is', 'located', 'north', 'on', 'stone', 'way.', 'it', 'has', 'a', '2.75', 'mile', 'paved', 'loop.', 'great', 'for', 'running,', 'walking,', 'picnics', 'and', 'people', 'watching', '•lake', 'union', 'is', 'located', 'south', 'on', 'stone', 'way', '(about', '10', 'blocks).', 'nearby', 'is', 'the', 'popular', 'and', 'bustling', 'fremont', 'neighborhood.', 'there', 'are', 'a', 'few', 'great', 'restaurants', 'and', 'bars', 'along', 'the', 'way', 'to', 'lake', 'union', 'and', 'several', 'in', 'fremont.', ""•there's"", 'a', 'bus', 'on', 'stone', 'way', 'that', 'will', 'take', 'you', 'downtown.', ""there's"", 'a', 'bus', 'on', '45th', 'that', 'will', 'take', 'you', 'to', 'ballard', 'or', 'university', 'district.']"
303,"['woodlawn', 'is', '3', 'blocks', 'away', 'from', ""seattle's"", 'treasured', 'green', 'lake', 'with', 'biking,', 'boating,', 'jogging,', 'tennis,', 'basketball,', 'inline', 'skating,', '9-hole', 'short', 'course']"
304,"['the', 'place', 'is', 'right', 'between', 'wallingford', 'and', 'fremont.', '0.5', 'miles', 'to', 'gasworks', 'park,', 'coffee', 'shops', 'and', 'restaurants', 'and', 'bars', 'within', 'blocks.', 'the', 'famous', 'troll', 'is', 'just', 'distance', 'as', 'well.', 'really', 'close', 'to', ""fremont's"", 'downtown', 'area.', 'buslines', '2', 'blocks', 'away.']"
305,"['wallingford', 'is', 'a', 'cozy', 'pocket', 'of', 'located', 'directly', 'north', 'of', 'lake', 'union,', 'with', 'eccentric', 'fremont', 'and', 'ballard', 'to', 'the', 'west', 'and', 'the', 'university', 'district', 'about', '1', 'mile', 'to', 'the', 'east.', '45th', 'ave', 'has', 'plenty', 'of', 'top-ranked', 'restaurants,', 'boutiques', 'and', 'ice', 'cream', 'shops.', 'try', 'yoroshiku', 'for', 'some', 'delicious', 'and', 'authentic', 'ramen', 'noodles,', 'perfect', 'for', 'a', 'fall', 'day.']"
306,"['established,', 'safe,', 'very', 'quiet,', 'family-friendly', 'and', 'very', 'walk-able', 'neighborhood,', 'where', 'you', 'will', 'be', 'one', 'block', 'away', 'from', 'great', 'restaurants', '(burgers,', 'cafés,', 'diners,', 'sushi,', 'thai,', 'indian,', 'italian,', 'pizza,', 'turkish,', 'afghani,', 'tacos,', 'fusion,', 'vegetarian', '&', 'northwest', 'cuisine),', 'bars,', 'shopping,', 'grocery', 'stores,', 'movie', 'theaters,', 'parks,', 'bike', 'and', 'trails', 'and', 'lake', 'union', '&', 'green', 'lake.', 'it', 'is', '10-minute', 'drive', 'from', 'downtown,', 'space', 'needle', 'and', '4', 'minutes', 'from', 'university', 'of', 'washington.', 'one', 'block', 'away', 'from', 'the', 'bus-stop,', 'direct', 'busses', 'to', 'downtown', '(20min),', 'space', 'needle', '(10', 'min),', 'uw', '(5', 'min)', 'and', 'ballard', '(5', 'min).']"
307,"['the', 'house', 'is', 'within', 'one', 'block', 'of', 'the', 'main', 'commercial', 'street', 'in', 'wallingford.', 'you', 'can', 'to', '-', 'molly', 'moos', 'for', 'ice', 'cream.', '-', 'many', 'good', 'restaurants', '-', 'wallingford', 'playground,', 'meridian', 'park', 'and', 'green', 'lake.', '-', 'the', 'landmark', '45th', 'guild', 'theater.', '-', 'local', 'bars', 'like', 'the', 'octopus', 'bar,', 'the', 'iron', 'bull', 'and', 'the', 'sea', 'monster', 'lounge.', 'ballard,', 'fremont', 'and', 'u', 'district', 'are', 'also', 'convenient.']"
308,"['green', 'lake!', 'i', ""can't"", 'say', 'enough', 'about', 'how', 'nice', 'it', 'is.', 'runners', 'dream.', 'distance', 'to', 'wallingford', 'and', 'green', 'lake', 'neighborhood.', 'great', 'restaurants!']"
309,"['wallingford', 'is', 'one', 'of', ""seattle's"", 'many', 'great', 'neighborhoods.', 'the', 'area', 'is', 'centrally', 'located', '(about', '4', 'miles', 'from', 'downtown),', 'but', 'is', 'relatively', 'quiet', 'with', 'mostly', 'single', 'family', 'housing', '(making', 'parking', 'easier', 'than', 'other', 'areas).', 'the', 'is', 'very', 'walkable', 'with', 'access', 'to', 'grocery', 'store,', 'bars,', 'restaurants,', 'movies,', 'parks', 'and', 'anything', 'else', 'you', 'could', 'possibly', 'want.', 'while', 'there', 'are', 'several', 'bars', 'that', 'stay', 'open', 'late,', 'other', 'night', 'life', 'and', 'food', 'access', 'after', '10pm', 'is', 'someone', 'limited.']"
310,"['our', 'street', 'has', 'a', 'caring,', 'welcoming', 'group', 'of', 'neighbors', 'of', 'all', 'ages', '-', 'retirees,', 'young', 'working', 'professionals,', 'families', 'and', 'empty', 'nesters.']"
311,"['this', 'area', 'is', 'right', 'on', 'the', 'strip', 'of', 'downtown', 'wallingford', 'so', 'you', 'will', 'have', 'access', 'to', 'great', 'bars,', 'cafes,', 'grocery', 'stores,', 'book', 'stores,', 'etc.', 'it', 'is', 'also', 'next', 'to', 'the', 'university', 'of', 'washington,', 'so', 'there', 'are', 'lots', 'of', 'students', 'if', 'you', 'venture', 'there.', ""it's"", 'a', 'gorgeous', 'location', 'with', 'great', 'access', 'to', 'i-5,', 'buses...everything!']"
312,"['i', 'love', 'the', 'wallingford', 'neighborhood.', 'our', 'has', 'one', 'of', 'the', 'highest', 'walkability', 'rates', 'of', 'any', 'part', 'of', 'seattle.', 'you', 'can', 'to', 'dozens', 'of', 'amazing', 'restaurants', '(tilth,', '4649', '(yoroshiku),', ""julia's,"", 'cantinetta,', 'westward,', ""mushashi's,"", 'rocking', 'wok,', 'bizzaro,', 'tigerly', 'ox,', 'burgundian,', 'tnt', 'tacquerie,', 'and', 'mr.', ""gyro's),"", 'to', 'name', 'some', 'of', 'my', 'favorites),', 'a', 'couple', 'of', 'great', 'bars/restaurants', '(the', 'octopus', 'bar,', 'the', 'sea', 'monster)', 'and', 'trophy', 'cupcakes,', 'fuel', 'coffee,', 'and,', 'of', 'course,', 'starbucks).', 'green', 'lake', 'and', 'the', 'burke', 'gilman', 'trail', 'are', 'both', 'not', 'far.']"
313,"['nothing', 'says', 'city', 'living', 'like', 'green', 'lake.', 'the', 'beginning', 'of', 'the', 'park', 'is', 'literally', 'across', 'the', 'street', 'from', 'our', 'apartment,', 'making', 'it', 'the', 'perfect', 'early', 'morning', 'jog', 'or', 'sunset', 'stroll', 'around', 'the', 'gorgeous', 'lake.', 'you', 'can', 'rent', 'water', 'crafts', '(kayaks,', 'stand-up', 'paddle', 'boards,', 'rowboats)', 'and', 'bikes.', 'there', 'are', 'swimming', 'beaches,', 'basketball', 'courts,', 'playgrounds,', 'and', 'more!', 'also', 'only', 'a', 'short', 'away', 'in', 'phinney', 'ridge', 'is', 'the', 'woodland', 'park', 'zoo.', 'we', 'are', 'within', 'distance', 'from', 'tons', 'of', 'great', 'restaurants,', 'local', 'coffee', 'shops,', 'and', 'bars.', 'a', 'few', 'of', 'our', 'favorites', 'right', 'up', 'the', 'street', 'from', 'the', 'apartment', 'include', ""leny's"", '(perfect', 'for', 'watching', 'football),', 'zoka', 'coffee,', 'mighty', 'o', 'donuts,', 'and', 'elysian', 'tangletown.']"
314,"['our', 'apartment', 'is', 'in', 'wallingford', 'which', 'is', 'one', 'of', 'the', 'old', 'hip,', 'artsy', 'neighborhoods', 'in', 'seattle.', 'it', 'is', 'a', 'five', 'to', 'ten', 'minute', 'at', 'most', 'to', 'the', 'university', 'of', 'washington,', 'bars,', 'restaurants,', 'grocery', 'stores,', 'gasworks', 'park,', 'and', 'other', 'shops', 'and', 'galleries.']"
315,"['wallingford', 'is', 'a', 'mostly-residential', 'neighborhood,', 'situated', 'between', 'the', 'restaurants,', 'bars', 'and', 'nightlife', 'of', 'fremont', 'or', 'ballard,', 'and', 'the', 'buzzing,', 'academic', 'university', 'district.']"
317,"['in', 'the', 'early', ""1900's"", 'had', 'a', 'thriving', 'streetcar', 'system', 'that', 'serviced', 'the', 'entire', 'city.', 'tangletown', 'was', 'the', 'major', 'transfer', 'point', 'for', 'the', 'streetcar', 'system', 'with', 'all', 'roads', 'leading', 'to', 'the', 'area.', 'today', 'those', 'disjointed', 'roads', 'meet', 'in', 'a', 'vibrant', 'community', 'that', 'has', 'a', 'lake,', 'great', 'parks,', 'excellent', 'food,', 'locally', 'brewed', 'beer,', 'fantastic', 'coffee,', 'organic', 'donuts', 'and', 'much', 'more.']"
319,"['located', 'on', 'lake', 'union', '2', 'minutes', 'from', 'gas', 'works', 'park', 'overlooking', 'downtown', '&', 'space', 'needle', 'in', 'gated', 'moorage', 'facility.', 'free', 'parking', 'available', 'on', 'site.', 'fabulous', 'views', 'of', 'downtown', 'and', 'the', 'space', 'needle.', 'the', 'area', 'is', 'safe', 'and', 'pedestrian', 'friendly', 'located', 'right', 'by', 'the', 'burke-gilman', 'trail.']"
320,"['wallingford', 'is', 'walkable,', 'family-friendly', 'perfectly', 'situated', 'close', 'to', 'all', 'the', 'action,', 'but', 'not', 'so', 'close', 'as', 'to', 'be', 'hectic.', 'to', 'parks,', 'the', 'uw', 'or', 'the', 'zoo,', 'or', ""you're"", 'downtown', 'in', 'less', 'than', '10', 'minutes.']"
321,"['wonderful', 'world', 'of', 'greenlake', 'we', 'love', 'greenlake', 'and', ""it's"", 'close', 'proximity', 'to', 'all', 'the', 'things', 'we', 'enjoy...', 'amazing', 'cuisine,', 'entertainment,', 'and', 'the', 'recreation', 'at', 'greenlake.', 'our', 'home', 'is', 'conveniently', 'located', 'about', 'five', 'miles', 'away', 'from', 'popular', 'downtown', 'tourist', 'attractions,', 'even', 'closer', 'to', 'hip', 'districts', 'like', 'hill,', 'ballard', 'and', 'fremont.', 'we', 'live', 'very', 'close', 'to', 'i-5,', 'so', 'it', 'is', 'convenient', 'to', 'get', 'onto', 'the', 'freeway', 'to', 'go', 'to', 'farther', 'areas', 'in', 'washington', '(vancouver,', 'canada,', 'rainier', 'national', 'park,', 'north', 'cascades,', 'eastern', 'washington).', 'greenlake', 'my', 'home', 'is', 'five', 'blocks', 'from', 'green', 'lake,', 'perfect', 'for', 'strolling', 'during', 'sunsets', 'or', 'an', 'early', 'morning', 'run,', 'also', 'excellent', 'for', 'cycling,', 'and', 'roller', 'blading.', 'greenlake', 'also', 'offers', 'a', 'rental', 'area', 'for', 'small', 'watercrafts,', 'a', 'playground', 'and', 'pool', 'nearby.', ""greg's"", 'greenlake', 'offers', 'bicycle', 'rentals', 'and', 'other', 'outdoor', 'gear.', 'woodland', 'park', 'zoo', 'woodland', 'zoo', 'is', 'a', 'short', 'from', 'greenlake.', 'over', 'the', 'summer', 'woodland', 'zoo', 'hosts', 'incredible', 'outdoor', 'concerts.', 'food', '&', 'beverage', 'there', 'are', 'many', 'fan']"
322,"['this', 'apartment', 'is', 'in', 'wallingford,', 'it', 'is', 'a', 'centrally', 'located', 'in', 'north', 'sitting', 'above', 'lake', 'union.', 'it', 'is', 'a', '15', 'minute', 'from', 'fremont,', 'gasworks', 'park,', 'woodland', 'park', 'zoo,', 'and', 'greenlake', 'park.', 'wallingford', 'is', 'a', 'quiet', 'residential', 'filled', 'with', 'beautiful', 'craftsmen', 'homes,', 'gardens', 'spilling', 'onto', 'the', 'street,', 'ancient', 'trees,', 'and', 'surrounded', 'by', 'parks.', ""i'm"", 'right', 'by', 'the', 'renowned', 'archie', 'mcphee', 'giftshop,', 'the', 'trophy', 'cupcake', 'flagship', 'store,', 'molly', 'moons', 'ice', 'cream,', 'and', 'many', 'other', 'wonderful', 'shops', 'and', 'restaurants.']"
323,"['wallingford', 'is', 'a', 'lovely', 'residential', 'yet', 'hip', 'in', 'a', 'central', 'area', 'to', 'access', 'the', 'rest', 'of', 'attractions.']"
324,"['green', 'lake', 'is', 'a', 'beautiful', 'in', 'the', 'heart', 'of', 'north', 'seattle.', 'a', 'few', 'fun', 'coffee/pub/restaurants', 'just', 'a', 'couple', 'blocks', 'away', 'and', 'many', 'more', 'within', 'distance', '(tangletown', 'and', 'the', 'ne', 'corner', 'of', 'the', 'lake).']"
325,"['our', 'is', 'walkable', 'with', 'tons', 'of', 'amenities.', 'we', 'have', 'a', 'wide', 'variety', 'of', 'bars,', 'restaurants,', 'shops,', 'and', 'sites', 'to', 'see.', ""we're"", 'convenient', 'to', 'a', 'ton', 'of', 'amazing', 'dining,', 'fremont', 'brewing,', 'a', 'few', 'blocks', 'from', 'the', 'burke-gilman', 'trail', '(for', 'biking/running', 'and', 'commuting!),', 'and', 'a', 'quick', 'drive', 'or', 'bus', 'trip', 'to', 'pretty', 'much', 'any', 'location', 'in', 'the', 'city.', 'also,', ""we're"", 'about', 'a', 'mile', 'from', 'university', 'of', 'washington.']"
326,"['we', 'live', 'in', 'the', 'wallingford', 'of', 'home', 'of', '""eat', 'street""', 'the', 'woodland', 'park', 'zoo', 'and', 'archie', ""mcphe's."", 'it', 'is', 'extremely', 'accessible', 'by', 'foot,', 'is', 'near', 'woodland', 'park', 'with', 'numerous', 'trails', 'and', 'is', 'as', 'central', 'to', 'public', 'transportation', 'in', 'any', 'direction', 'as', 'you', 'can', 'get.', 'in', 'the', 'are', 'pubs,', 'wine', 'bars,', 'family', 'italian', 'eateries,', '5', 'choices', 'of', 'sushi,', 'molly', ""moon's"", 'famous', 'ice', 'cream,', 'james', 'beard', 'awarded', 'restaurants', 'and', 'best', 'chefs', 'of', 'multiple', 'foodie', 'lists.', 'as', 'your', 'host', 'i', 'would', 'be', 'happy', 'to', 'direct', 'you,', 'based', 'on', 'your', 'food', 'interests', 'in', 'the', 'right', 'direction', 'in', 'wallingford,', 'or', 'anywhere', 'in', 'seattle.', 'i', 'will', 'provide', 'you', 'with', 'a', 'map', 'of', 'and', 'wallingford', 'in', 'your', 'room', 'when', 'you', 'arrive.']"
327,"['great', 'breakfast,', 'coffee,', 'ethnic', 'restaurants.', 'outdoor', 'amenities,', 'and', 'easy', 'access', 'to', 'bus', 'lines', 'and', 'bike', 'trails', 'that', 'take', 'you', '50', 'miles', 'from', 'puget', 'sound', 'to', 'remote', 'wineries.']"
328,"['located', 'just', '4', 'miles', 'from', 'downtown', '-', 'on', 'the', 'bus', 'line.', 'the', 'is', 'a', 'wonderful', 'central', 'location', 'for', 'seeing', 'the', 'sights', 'of', 'seattle.', 'one', 'mile', 'from', 'the', 'university', 'of', 'washington', '(uw);', '1', 'mile', 'from', 'green', 'lake', '(the', 'running', 'and', 'dog', 'watching', 'mecca', 'of', 'seattle);', '2', 'blocks', 'from', 'the', 'wednesday', 'afternoon', ""farmer's"", 'market;', 'i', 'mile', 'from', 'woodland', 'park', 'zoo;', '2', 'miles', 'from', 'fremont', 'and', 'the', 'sunday', 'market.', '1', 'mile', 'from', 'the', 'burke-gilman', 'trail', 'for', 'biking.', 'everything', 'you', 'can', 'possibly', 'think', 'of', 'is', 'within', 'a', 'few', 'blocks,', 'movie', 'theaters,', 'several', 'coffee', 'shops,', 'restaurants,', 'bars,', 'grocery', 'stores,', 'churches...you', 'name', 'it.']"
329,"['people', 'can', 'to', 'restaurants,', 'movies,', 'parks,', 'grocery', 'stores,', 'etc.,', 'but', 'the', 'is', 'quiet,', 'friendly', 'and', 'residential.']"
330,"['1', 'block', 'from', 'the', 'burke', 'gilman', '&', 'lake', 'union;', 'distance', 'to', 'gas', 'works', 'park', 'which', 'has', 'gorgeous', 'views', 'of', 'lake', 'union', '&', 'downtown', '&', 'the', 'space', 'needle,', 'bike', 'trails,', 'fremont', 'shops/bars/cofee', 'shops/activities', 'are', 'distance', 'away.', 'distance', 'to', 'university', 'of', 'washington.']"
331,"['huge', 'wine/beer/liquor', 'store', 'with', 'free', 'tastings', 'daily', 'just', '2', 'blocks', 'away.', 'close', 'to', 'the', 'uw', 'and', 'the', 'ave', 'with', 'lots', 'of', 'great', 'ethnic', 'restaurants', 'at', 'college', 'student', 'budget', 'pricing.', 'other', 'great', 'restaurants', 'and', 'wallingford', 'of', 'shops,', 'etc,', 'also', 'just', 'blocks', 'away.']"
332,"['wallingford', 'is', 'a', 'mostly-residential', 'neighborhood,', 'situated', 'between', 'the', 'restaurants,', 'bars', 'and', 'nightlife', 'of', 'fremont', 'or', 'ballard,', 'and', 'the', 'buzzing,', 'academic', 'university', 'district.']"
333,"['wallingford', 'is', 'a', 'mostly-residential', 'neighborhood,', 'situated', 'between', 'the', 'restaurants,', 'bars', 'and', 'nightlife', 'of', 'fremont', 'or', 'ballard,', 'and', 'the', 'buzzing,', 'academic', 'university', 'district.']"
334,"['wallingford', 'is', 'a', 'mostly-residential', 'neighborhood,', 'situated', 'between', 'the', 'restaurants,', 'bars', 'and', 'nightlife', 'of', 'fremont', 'or', 'ballard,', 'and', 'the', 'buzzing,', 'academic', 'university', 'district.']"
335,"['wallingford', 'is', 'a', 'mostly-residential', 'neighborhood,', 'situated', 'between', 'the', 'restaurants,', 'bars', 'and', 'nightlife', 'of', 'fremont', 'or', 'ballard,', 'and', 'the', 'buzzing,', 'academic', 'university', 'district.']"
336,"['laid-back,', 'centrally-located', 'wallingford', 'is', 'bordered', 'by', 'the', 'waters', 'of', 'lake', 'union', 'to', 'the', 'south,', 'greenlake', 'to', 'the', 'north,', 'funky', 'fremont', 'to', 'the', 'west,', 'the', 'bustling', 'university', 'district/', 'i-5', 'to', 'the', 'east.', ""it's"", 'close', 'to', 'everything,', 'but', 'you', 'could', 'spend', 'all', 'of', 'your', 'time', 'in', 'wallingford', 'sampling', 'the', 'ever-changing', 'restaurant,', 'bar,', 'and', 'coffeeshop', 'line', 'up', 'on', '45th', 'street.', 'take', 'in', 'a', 'movie', 'at', 'the', 'iconic', 'the', 'guild', 'theater,', 'a', 'two-screen', 'cinema,', 'follow', 'it', 'up', 'with', 'dinner', 'at', 'tilth', '(named', 'as', 'one', 'of', 'the', 'top', 'ten', 'restaurants', 'in', 'the', 'us', 'by', 'new', 'york', 'times),', 'or', 'go', 'more', 'causal', 'with', 'a', 'trip', 'to', 'one', 'of', 'the', 'many', 'asian', 'fusion', 'restaurants,', 'and', 'end', 'the', 'night', 'with', 'a', 'drink', 'at', ""murphy's"", 'pub.', 'wallingford', 'is', 'also', 'home', 'to', 'gas', 'works', 'park,', 'a', 'true', 'treat.', 'grab', 'a', 'burger', 'at', 'the', 'institution', 'of', ""dick's"", 'burgers,', 'get', 'a', 'kite,', 'and', 'make', 'a', 'day', 'of', 'watching', 'the', 'the', 'boats', 'glide', 'across', 'lake', 'union', 'from', 'atop', 'a', 'in', 'gas', 'works', 'park.', 'if', 'you', 'are', 'craving', 'a', 'sweet', 'treat,', 'check', 'out', 'chocolati', 'and', 'burn', 'off', 'a', 'few', 'calories', 'on', 'the', '2.8', 'mile', 'loop', 'a']"
337,"['what', 'we', 'like', 'about', 'our', 'neighborhood:', 'distance', 'to', 'woodlawn', 'park', 'zoo,', 'greenlake', 'park', 'jogging', 'and', 'swimming', 'or', 'a', 'sweet', 'slow', 'around', 'the', 'lake', 'on', 'the', '2.8', 'mile', 'path.', 'fremont', 'outdoor', 'market', 'on', 'sundays.', 'distance', 'to', '45th', 'street', 'restaurants', 'and', 'shopping.', 'ten', 'minute', 'bus', 'ride', 'on', 'the', '""e""', 'line', 'to', 'downtown', '(pike', 'place', 'market,', 'center,', 'emp)', 'bus', 'stop', 'one', 'minute', 'away.', 'easy', 'access', 'to', 'ballard,', 'downtown', 'and', 'the', 'entire', 'city', 'by', 'bus.']"
338,"['we', 'are', '2', 'blocks', 'from', '45th', 'st,', 'the', 'main', 'thoroughfare', 'in', 'wallingford,', 'with', 'countless', 'restaurants,', 'bars,', 'and', 'shops.', ""dick's"", 'drive-in', 'is', 'just', 'up', 'the', 'street', 'and', 'offers', 'a', 'reliable', 'late-night', 'fix.', 'the', 'u-district', 'is', 'just', 'across', 'i-5,', '10', 'minutes', 'away.', 'there', 'is', 'a', 'qfc', 'supermarket', 'within', 'a', '10-minute', 'walk.', 'there', 'are', 'multiple', 'parks', 'and', 'playgrounds', 'within', 'a', '5-10', 'minute', 'walk,', 'and', 'the', 'burke-gilman', 'trail', 'is', '1/3', 'of', 'a', 'mile', 'away.']"
339,"['wallingford', 'is', 'a', 'mostly-residential', 'neighborhood,', 'situated', 'between', 'the', 'restaurants,', 'bars', 'and', 'nightlife', 'of', 'fremont', 'or', 'ballard,', 'and', 'the', 'buzzing,', 'academic', 'university', 'district.']"
340,"['wallingford', 'is', 'a', 'mostly-residential', 'neighborhood,', 'situated', 'between', 'the', 'restaurants,', 'bars', 'and', 'nightlife', 'of', 'fremont', 'or', 'ballard,', 'and', 'the', 'buzzing,', 'academic', 'university', 'district.']"
342,"['renowned', 'restaurants', '(especially', 'japanese),', 'great', 'bars,', 'two', 'funky', 'old', 'movie', 'theaters,', ""dick's"", 'drive-in,', 'awesome', 'coffee', 'shops,', 'city', 'views,', 'quiet,', 'tree-lined', 'streets,', 'interesting', 'houses', 'to', 'look', 'at,', 'lovely', 'gardens,', 'two', 'great', 'parks/playgrounds', 'nearby.']"
343,"['our', 'home', 'is', 'within', 'distance', 'of', 'greenlake', '(10', 'min.),', 'and', 'several', 'wonderful', 'restaurants', 'and', 'cafes.', 'greenlake', 'is', 'wonderful', 'recreational', 'area.', 'excellent', 'for', 'walking,', 'cycling,', 'or', 'running.', 'there', 'is', 'also', 'a', 'rental', 'area', 'for', 'small', 'water', 'crafts', 'and', 'a', 'playground', 'and', 'pool', 'nearby.', 'woodland', 'zoo', 'is', 'a', 'short', 'from', 'greenlake.', 'over', 'the', 'summer', 'woodland', 'zoo', 'hosts', 'outdoor', 'concerts.', 'there', 'are', 'three', 'fantastic', 'restaurants', 'within', 'three', 'blocks', 'from', 'our', 'home.', 'they', 'include', ""eva's"", 'restaurant', 'and', 'wine', 'bar,', 'kisaku', 'sushi,', 'and', 'the', 'elysian-tangletown...', 'fine', 'dinning', 'to', 'pub', 'fare.', 'cafes', 'close', 'by', 'include', 'zoka', 'coffee', 'roaster,', 'mighty', 'o', 'donuts,', 'and', 'hiroki', 'specialty', 'deserts.', 'we', 'love', 'our', 'and', ""it's"", 'close', 'proximity', 'to', 'all', 'the', 'things', 'we', 'enjoy...', 'good', 'food,', 'entertainment,', 'and', 'recreation.']"
344,"['wallingford', 'is', 'a', 'quiet,', 'leafy,', 'residential', 'that', 'is', 'close', 'to', 'everything.', 'interstate', '5', 'is', 'near', '(but', 'not', 'too', 'near)', 'to', 'quickly', 'take', 'you', 'to', 'more', 'distant', 'destinations.', 'in', 'recent', 'years', 'a', 'number', 'of', 'excellent', 'restaurants', 'have', 'opened', 'up', 'on', '45th', 'street', '(which', 'is', 'the', 'main', 'thoroughfare,', 'we', 'are', 'on', '43rd).']"
347,"[""there's"", 'a', 'ton', 'to', 'see', 'in', 'the', 'wallingford', 'area', '-', 'high', 'score.', 'green', 'lake', 'is', 'very', 'close;', 'old', 'style', 'movie', 'theaters;', 'many', 'bars', 'and', 'restaurants', 'in', 'the', 'area.', 'easy', 'access', 'to', 'rest', 'of', 'seattle.']"
348,"['there', 'are', 'several', 'bus', 'lines', 'within', '2', 'blocks', 'of', 'the', 'house,', 'making', 'transportation', 'to', 'most', 'parts', 'of', 'the', 'city', 'very', 'easy.', 'easy', 'access', 'to', 'downtown', 'and', 'anywhere', 'in', 'seattle.', 'ten', 'minute', 'to', '2', 'fun', 'neighborhoods,', 'wallingford', 'and', 'fremont,', 'and', 'an', 'easy', '1.5', 'mile', 'to', 'the', 'university', 'of', 'washington.', 'near', 'woodland', 'park', 'zoo,', 'greenlake,', 'gas', 'works', 'park,', 'hiram', 'chittenden', 'locks,', 'university', 'of', 'washington', 'and', 'more!', 'i', 'love', 'showing', 'off', 'the', 'city', 'to', 'guests', 'when', 'the', 'opportunity', 'lends', 'itself,', 'and', 'offer', 'a', '2-4', 'hour', 'driving', 'tour', 'that', 'is', 'great', 'for', 'learning', 'your', 'way', 'around', 'the', 'city', 'for', 'future', 'exploration', 'or', 'getting', 'a', 'broad', 'overview', 'of', 'many', 'of', 'the', 'wonderful', 'spots', 'that', 'make', 'so', 'exciting', 'and', 'special.']"
350,"['wallingford', 'is', 'a', 'mostly-residential', 'neighborhood,', 'situated', 'between', 'the', 'restaurants,', 'bars', 'and', 'nightlife', 'of', 'fremont', 'or', 'ballard,', 'and', 'the', 'buzzing,', 'academic', 'university', 'district.']"
351,"['we', 'live', 'in', 'a', 'gem', 'of', 'a', 'and', 'on', 'a', 'really', 'beautiful', 'and', 'safe', 'street', 'with', 'lots', 'of', 'friendly', 'neighbors.', 'the', 'views,', 'even', 'from', 'the', 'street', 'are', 'magnificent', '--', 'downtown,', 'lakes,', 'mountains', '--', 'really', 'the', 'best', 'has', 'to', 'offer.', 'there', 'is', 'plenty', 'of', 'street', 'parking.']"
352,"['wallingford', 'is', 'a', 'wonderful', 'just', 'across', 'lake', 'union', 'from', 'downtown', 'seattle.', ""we're"", 'a', '10', 'minute', 'to', 'the', 'qfc,', 'a', '20', 'minute', 'to', 'greenlake,', 'or', 'a', '20', 'minute', 'to', 'gas', 'works', 'park', 'where', ""you'll"", 'have', 'a', 'spectacular', 'view', 'of', 'downtown', 'across', 'lake', 'union.']"
353,"['this', 'is', 'great!', 'with', 'a', 'score', 'of', '88', 'you', 'can', 'to', 'mighty-o', '(organic', 'vegan', 'donuts),', 'zoka', '(great', 'coffee),', 'qfc', 'and', 'pcc,', 'greenlake', 'village,', 'woodland', 'park', 'zoo', 'and', 'the', 'rose', 'gardens', 'and', 'of', 'course', '-', 'green', 'lake', '(a', '3', 'mile', 'loop).', 'meridian', 'park', 'is', 'also', 'a', '5', 'minute', 'away', 'with', 'a', 'huge', 'playground', 'and', 'open', 'green', 'space.']"
354,"['we', 'love', 'our', 'neighborhood.', 'some', 'highlights', 'for', 'us:', '-running', 'the', '3', 'mile', 'path', 'around', 'greenlake.', '-walking', 'to', 'get', 'sushi,', 'italian,', 'mexican,', 'or', 'even', 'vegan', 'donuts.', '-easily', 'hoping', 'on', 'the', 'burke-gilman;', 'the', 'extensive', 'biking', 'path', 'through', 'is', 'just', 'a', 'mile', 'downhill', 'from', 'us.', '-exploring', 'the', 'paths', 'in', 'woodland', 'park,', 'a', 'heavily', 'forested', 'area', 'just', 'across', 'the', 'street', 'from', 'us.']"
355,"['what', 'do', 'i', 'love', 'about', 'my', 'neighborhood?', 'almost', 'everything!!!', 'i', 'love', 'the', 'houses,', 'my', 'neighbors,', 'and', 'the', 'short', 'to', 'anything', 'one', 'could', 'need', '-', 'grocery', 'store,', 'drugstore,', 'hardware', 'store', '(very', 'important', 'to', 'an', 'old', 'house', 'owner),', 'a', 'wonderful', 'array', 'of', 'restaurants', 'from', 'afghani', 'to', 'thai.', ""it's"", 'also', 'a', 'really', 'good', 'for', 'walks,', 'as', 'the', 'houses', 'around', 'here', 'are', 'quite', 'well', 'taken', 'care', 'of,', 'and', 'many', 'of', 'them', 'have', 'lovely', 'gardens.', 'if', 'you', 'like', 'pet-patting', 'as', 'i', 'do,', 'there', 'are', 'a', 'lot', 'of', 'dog', 'owners', 'their', 'pets', 'throughout', 'the', 'day,', 'and', 'i', 'have', 'found', 'them', 'to', 'be', 'quite', 'generous', 'in', 'sharing', 'the', 'affection', 'of', 'their', 'dogs.', 'there', 'are', 'several', 'parks', 'around,', 'including', 'meridian', 'park', 'just', 'up', 'the', 'street', 'at', 'the', 'good', 'shepherd', 'center.', 'the', 'good', 'shepherd', 'center,', 'home', 'to', 'many', 'non-profit', 'organizations,', 'is', 'also', 'home', 'to', 'tilth,', 'an', 'organic', 'gardening', 'organization.', 'tilth', 'has', 'a', 'p-patch', '(community', 'gardening', 'plots)', 'and', 'a', 'community', 'learning', 'garden', 'with', 'self-guided', 'tour', 'on', 'site.']"
356,"['wallingford', 'is', 'one', 'of', 'the', 'classic', 'turn-of-the-century,', 'craftsman-home-filled', 'neighborhoods', 'in', 'seattle.', 'it', 'is', 'located', 'just', 'to', 'the', 'north', 'of', 'lake', 'union', '-', 'typically', 'no', 'more', 'than', 'a', '10', 'minute', 'drive,', '30', 'minute', 'bike', 'ride,', 'or', '20-30', 'minute', 'bus', 'ride', 'to', 'the', 'downtown', 'core', 'of', 'seattle.', 'it', 'is', 'a', 'quiet', 'comprised', 'mostly', 'of', 'single-family', 'homes', 'arranged', 'along', 'a', 'grid', 'of', 'tree-lined', 'streets.', '45th', 'street', 'several', 'blocks', 'to', 'the', 'north', 'is', 'lined', 'with', '1/2', 'mile', 'of', 'shops,', 'restaurants,', 'bars,', 'and', 'coffee', 'shops', 'of', 'all', 'types.', 'to', 'the', 'east', 'of', 'our', 'lies', 'the', 'university', 'of', ""washington's"", 'main', 'campus', 'and', 'surrounding', '""u-district""', 'neighborhood.', 'to', 'the', 'west', 'of', 'us', 'is', 'fremont,', 'the', 'self-described', '""center', 'of', 'the', 'universe""', 'with', 'a', 'rich', 'history', 'of', 'eccentric', 'summer', 'festivals', 'and', 'a', 'vibrant', 'bar', 'and', 'restaurant', 'scene.', 'to', 'the', 'north', 'of', 'us', 'is', 'green', 'lake,', ""seattle's"", 'favorite', '3-mile', 'jogging', 'and', 'dog-walking', 'route', '(and', 'home', 'to', 'award-winning', 'vegan', 'sinker', 'joint', 'mighty-o', 'doughnuts).', 'wallingford', 'has', 'one', 'of', 'the', 'highest', 'scores']"
357,"['wallingford', 'is', 'a', 'mostly-residential', 'neighborhood,', 'situated', 'between', 'the', 'restaurants,', 'bars', 'and', 'nightlife', 'of', 'fremont', 'or', 'ballard,', 'and', 'the', 'buzzing,', 'academic', 'university', 'district.']"
358,"['great', 'access', 'to', 'the', 'burke-gilman', 'trail.', 'distance', 'to', 'fremont', 'and', 'the', 'heart', 'of', 'wallingford,', 'with', 'several', 'excellent', 'restaurants', 'and', 'cafes', 'nearby.']"
359,"['wallingford', 'terrace', 'is', 'located', 'just', '4', 'blocks', 'from', 'gasworks', 'park,', 'in', 'the', 'heart', 'of', 'the', 'quiet', 'wallingford', 'neighborhood.', 'strolling', 'through', 'the', 'neighborhood,', 'you', 'will', 'find', 'friendly', 'neighbors,', 'children', 'playing,', 'people', 'gardening.', 'our', 'is', 'known', 'for', 'its', 'beautiful', 'homes,', 'breath-taking', 'landscaping,', 'garden', 'arts', 'and', 'sculptures,', 'and', 'sidewalk', 'swings', 'and', 'lending', 'libraries.', 'there', 'is', 'no', 'need', 'for', 'a', 'car,', 'but', 'if', 'you', 'choose', 'to', 'bring', 'one,', 'we', 'can', 'offer', 'a', 'dedicated', 'parking', 'spot', 'upon', 'request.', 'please', 'visit', 'our', 'website', 'at', '(url', 'hidden)', 'and', 'explore', 'the', 'menu', 'along', 'the', 'top', 'of', 'the', 'site', 'to', 'see', 'in', 'detail', 'what', 'wallingford', 'terrace', 'and', 'the', 'surrounding', 'area', 'has', 'to', 'offer.']"
360,"['wallingford', 'is', 'a', 'lovely', 'residential', 'yet', 'hip', 'in', 'a', 'central', 'area', 'to', 'access', 'the', 'rest', 'of', 'attractions.', 'check', 'out', 'gasworks', 'park,', 'cruise', 'the', 'burke', 'gillman', 'trail', 'on', 'bike', 'or', 'foot,', 'and', 'check', 'out', 'the', 'latest', 'trending', 'restaurants', 'on', 'stone', 'way', 'or', '45th', 'ave.']"
361,"[""we're"", 'right', 'on', 'the', 'metro', 'transit', 'bus', 'route,', 'with', 'buses', 'to', 'anywhere', 'in', 'the', 'city', 'accessible', 'every', '15', 'minutes.', 'downtown', 'and', 'pike', 'place', 'market', 'are', 'only', '4', 'miles', 'away.', 'or,', 'if', ""you're"", 'craving', 'the', 'outdoors,', 'board', 'a', 'bus', 'for', 'nearby', 'green', 'lake,', 'where', 'you', 'can', 'rent', 'a', 'boat', 'and', 'go', 'out', 'on', 'the', 'water,', 'or', 'take', 'a', 'along', 'the', 'path.', 'when', 'you', 'return,', 'how', 'about', 'dinner', 'and', 'drinks', 'at', 'one', 'of', 'the', 'great', 'restaurants', 'in', 'nearby', 'wallingford', 'or', 'meridian,', 'like', 'the', 'octopus', 'bar', '(where', 'you', 'can', 'indulge', 'in', 'board', 'games,', 'too!),', 'a', '3-minute', 'bus', 'ride', 'away,', 'or', 'the', 'delicious', 'ceviche', 'at', 'mkt.,', '10', 'minutes', 'away', 'by', 'bus.']"
362,"['the', 'is', 'full', 'of', 'things', 'to', 'do:', 'ethnic', 'restaurants,', 'bars,', 'some', 'shops,', 'ice', 'cream', 'and', 'gelato,', 'a', 'tea', 'shop', 'and', 'groceries', 'all', 'within', 'about', '9', 'blocks.']"
363,"['a', 'great', 'mix', 'of', 'restaurants,', 'quirky', 'shops,', 'and', 'parks', 'within', 'distance.', 'the', 'woodland', 'park', 'zoo', 'is', 'also', 'within', 'distance.', 'centrally', 'located', 'between', 'two', 'of', ""seattle's"", 'most', 'popular', 'neighborhoods:', 'fremont', 'is', 'known', 'for', 'its', 'quirkiness', '(""the', 'center', 'of', 'the', 'universe"",', 'the', 'troll,', 'the', 'statue', 'of', 'lenin,', '""naked', 'bicyclists"",', 'zombie', 'walk)', 'while', 'wallingford', 'is', 'known', 'for', 'its', 'proximity', 'to', 'uw', 'and', 'for', 'its', 'shops', 'and', 'restaurants', '(tilth,', 'bizarro', 'cafe,', 'molly', ""moon's"", 'ice', 'cream,', 'archie', 'mcphee,', 'tuta', 'bella', 'pizza,', ""murphy's"", 'pub,', ""dick's"", 'drive-in).']"
364,"['the', 'greenlake', 'area,', 'home', 'to', 'many', 'local', 'coffee', 'shops,', 'boutiques', 'and', 'family', 'restaurants,', 'is', 'just', 'north', 'of', 'downtown', 'with', 'lots', 'to', 'do.', 'one', 'of', 'the', 'more', 'popular', 'features', 'of', 'the', 'greenlake', 'area', 'is', 'the', 'fresh', 'water', 'lake', 'with', 'a', '2.8', 'mile', 'circular', 'path.', 'bikes,', 'trikes,', 'walkers', 'and', 'joggers', 'all', 'come', 'together', 'to', 'get', 'a', 'little', 'exercise,', 'catch', 'up', 'with', 'friends', 'and', 'enjoy', 'the', 'scenery.']"
365,"['wallingford', 'is', 'a', 'family-friendly', 'on', 'the', 'north', 'end', 'of', 'seattle,', 'bordered', 'by', 'lake', 'union', 'to', 'the', 'south,', 'the', 'university', 'district', 'to', 'the', 'east,', 'fremont', 'to', 'the', 'west', 'and', 'green', 'lake', 'directly', 'north.', '-', 'we', 'are', 'a', 'mere', 'block', 'away', 'from', 'meridian', 'park,', 'which', 'plays', 'host', 'to', 'the', 'wallingford', 'farmers', 'market', '(runs', 'may-september)', 'on', 'wednesday', 'evenings.', '-', 'gasworks', 'park', 'sits', 'alongside', 'lake', 'union', 'and', 'features', 'a', 'covered', 'play', 'area', 'full', 'of', 'decommissioned', 'machinery,', 'kite', 'flying', 'and', 'spectacular', 'views', 'of', 'downtown', 'and', 'the', 'iconic', 'space', 'needle', 'is', 'a', 'mile', 'and', 'a', 'half', 'downhill', '(and', 'is', 'the', 'perfect', 'place', 'for', 'a', 'romantic', 'picnic).', '-', 'a', 'quick', 'jaunt', 'down', 'to', 'the', 'burke', 'gilman', 'trail', 'can', 'lead', 'you', 'from', 'ballard', 'all', 'the', 'way', 'to', 'woodinville', 'wineries', '(we', 'can', 'point', 'you', 'to', 'a', 'great', 'place', 'to', 'rent', 'bikes', 'if', 'you', ""don't"", 'bring', 'your', 'own).', '-', ""seattle's"", 'urban', 'woodland', 'park', 'zoo', 'is', 'just', 'a', 'mile', 'away.', '-', 'green', 'lake,', 'an', 'urban', 'lake', 'with', 'a', '3', 'mile', 'for', 'running,', 'walking,', 'biking', 'or', 'blading,', 'is', 'under', 'a', 'mile', 'away.', '-', 'just', 'a', 'few', 'blocks', 'from', 'ta']"
366,"['wallingford', 'has', 'a', 'great', 'selection', 'of', 'restaurants,', 'shops,', 'and', 'entertainment.', 'the', 'theater', 'is', 'within', 'minutes', 'of', 'walking,', 'and', 'offers', 'a', 'historical', 'feel,', 'paired', 'with', 'a', 'show', 'of', 'your', 'choice.', 'as', 'far', 'as', 'food', 'goes,', 'there', 'is', 'anything', 'from', 'asian', '(chinese,', 'multiple', 'choices', 'of', 'thai)', 'to', 'a', 'good', ""ol'"", 'burger', 'and', 'brew.']"
367,"['wallingford', 'is', 'a', 'popular', 'residential', 'in', 'seattle.', 'located', 'at', 'the', 'southern', 'edge', 'of', 'green', 'lake', 'in', 'north', 'seattle,', 'this', 'district', 'is', 'bounded', 'to', 'the', 'east', 'by', 'the', 'trendy', 'university', 'district', 'and', 'by', 'the', 'west', 'by', 'historic', 'fremont.', 'overlooking', 'the', 'mouth', 'of', 'salmon', 'bay', 'and', 'lake', 'union,', 'wallingford', 'district', 'is', 'within', 'minutes', 'of', 'many', 'of', ""seattle's"", 'most', 'popular', 'attractions', 'and', 'shopping', 'areas.']"
368,"['wallingford', 'is', 'a', 'great', 'located', 'conveniently', 'in', 'the', 'middle', 'of', 'everything.', 'easy', '5-minute', 'to', 'shops/restaurants', 'in', 'wallingford,', 'and', 'to', 'lake', 'union', 'and', 'gasworks', 'park.', '10-minute', 'to', 'shops/restaurants', 'in', 'fremont.', 'university', 'of', 'washington', 'just', 'on', 'the', 'other', 'side', 'of', 'i-5.']"
369,"['join', 'this', 'unique', 'friendly', 'lake', 'union', 'live', 'aboard', 'community', 'of', 'floating', 'homes,', 'house', 'boats', 'and', 'house', 'barges.', 'lake', 'union', 'is', 'a', 'freshwater', 'lake', 'in', 'seattle,', 'joined', 'by', 'waterways', 'to', 'puget', 'sound', 'and', 'lake', 'washington.', 'gas', 'works', 'park', 'sits', 'on', 'the', 'north', 'end', 'of', 'the', 'lake,', 'a', '19.1', 'acre', 'public', 'park', 'built', 'on', 'the', 'site', 'of', 'a', 'former', 'gasification', 'plant,', 'with', 'ruins', 'and', 'pieces', 'of', 'the', 'old', 'plant', 'still', 'standing', 'and', 'built', 'into', 'the', 'park.', 'the', 'park', 'offers', 'grassy', 'hills', 'for', 'kite', 'flying,', 'picnics,', 'and', 'wide', 'vistas', 'of', 'the', 'lake', 'and', 'city.', 'the', 'burke-gilman', 'trail', 'runs', 'along', 'the', 'northern', 'edge', 'of', 'the', 'park.', 'seaplanes', 'scoot', 'in', 'and', 'out', 'of', 'lake', 'union,', 'on', 'their', 'way', 'to', 'and', 'from', 'the', 'san', 'juan', 'islands', 'and', 'british', 'columbia.', 'the', 'lake', 'shores', 'are', 'lined', 'with', 'houseboats,', 'and', 'commercial', 'and', 'private', 'docks', 'for', 'owners', 'and', 'renters', 'of', 'tugs,', 'yachts,', 'tour', 'ships,', 'sailboats,', 'kayaks', 'and', 'canoes.', 'the', 'center', 'for', 'wooden', 'boats', 'is', 'a', 'nautical', 'museum', 'on', 'the', 'south', 'shore,', 'with', 'historical', 'boats,', 'sailing', 'events,', 'classes', 'and', 'workshops.']"
371,"['about', 'the', ""'hood:"", 'short', 'to', 'wallingford', 'and', 'fremont', 'main', 'drags', 'with', 'out-of-this-world', 'dining', 'and', 'drinking', 'options.', 'check', 'out', 'lake', 'union,', 'gasworks', 'park,', 'the', 'burke-gillman', 'trail,', 'woodland', 'park', 'zoo,', 'green', 'lake,', 'university', 'of', 'washington,', 'the', 'fremont', 'troll,', 'and', 'more...', 'all', 'within', 'distance.', 'i', 'have', 'a', 'full', 'guide', 'for', 'all', 'the', 'hot', 'spots', 'in', 'that', 'i', 'provide', 'each', 'guest.']"
372,"['wallingford', 'is', 'a', 'mostly-residential', 'neighborhood,', 'situated', 'between', 'the', 'restaurants,', 'bars', 'and', 'nightlife', 'of', 'fremont', 'or', 'ballard,', 'and', 'the', 'buzzing,', 'academic', 'university', 'district.']"
373,"['so', 'much', 'to', 'do!', 'family', 'friendly,', 'tree-filled', 'in', 'beautiful', 'wallingford.', '(website', 'hidden)', 'grocery', 'store', '-', 'qfc', '(.7', 'mile)', 'walk,', 'drive,', 'or', 'bike', 'to', 'burke-gilman', 'trail', '(.2', 'mile)', 'pedestrian', 'path', '(walk/run/bike', 'only)', 'traveling', 'from', 'bothel', 'to', 'ballard.', '(website', 'hidden)', 'to', '45th', '(.5', 'mile)', 'for', 'great', 'restaurants,', 'bars,', 'and', 'shops', 'to', 'gas', 'works', 'park', '(.5', 'mile)', 'for', 'one', 'of', 'the', 'best', 'views', 'of', 'the', 'city', '(website', '(url', 'hidden)', 'to', 'downtown', 'fremont', '(1.2', 'miles)', 'for', 'even', 'more', 'restaurants,', 'bars,', 'and', 'shops.', 'great', 'sunday', 'market!', '(website', 'hidden)']"
374,"['wallingford', 'is', 'truly', 'an', 'unique', 'with', 'so', 'much', 'to', 'offer.', 'it', 'is', 'centrally', 'located', 'and', 'bordered', 'by', 'lake', 'union', 'and', 'greenlake.', 'another', 'great', 'fremont', 'is', 'a', 'hop', 'skip', 'and', 'a', 'jump', 'to', 'the', 'west', 'and', 'the', 'impressive', 'university', 'of', 'washington', 'is', 'a', 'stones', 'throw', 'to', 'the', 'east.', '45th', 'street', 'is', 'the', 'main', 'drag', 'for', 'our', 'and', 'it', 'offers', 'darn', 'near', 'anything', 'a', 'traveler', 'might', 'desire.', 'the', 'historic', 'guild', 'theater,', 'many', 'coffee', 'shops,', 'and', 'some', 'great', 'bars;', 'both', 'dive', 'bars', 'and', 'classy', 'ones.', 'some', 'of', ""seattle's"", 'own', 'beloved', 'restaurants', 'call', 'wallingford', 'home.', 'tilth,', 'on', 'new', 'york', ""time's"", 'top', '10', 'restaurants', 'in', 'the', 'us,', 'is', 'just', 'around', 'the', 'corner.', 'our', 'home', 'a', 'lovely', 'location', 'making', 'meridian', 'park', 'our', 'backyard.', 'try', 'the', 'farmers', 'market', 'on', 'wednesdays', 'all', 'summer.', 'lions', 'and', 'tigers', 'and', 'bears...oh', 'my...but', 'nothing', 'as', 'vicious', 'as', 'that.', ':)']"
376,"['wallingford', 'is', 'a', 'fantastic', 'with', 'easy', 'access', 'to', 'everywhere', 'you', 'need', 'to', 'be', 'in', 'seattle.', 'my', 'home', 'is', 'located', 'on', 'a', 'quiet', 'street', 'with', 'ample', 'parking,', 'but', 'is', '3', 'blocks', 'from', 'a', 'grocery', 'store,', 'coffee', 'shops,', 'and', 'restaurants,', '1', 'block', 'to', 'a', 'great', 'park', 'with', 'a', 'play', 'area', 'and', 'free', 'tennis', 'courts.']"
377,"['a', 'peaceful', 'yet', 'highly', 'accessible', 'neighborhood,', 'gardens', 'galore.', 'the', 'university', 'district,', 'fremont,', 'and', 'wallingford', 'are', 'all', 'walkable.(', '5', 'blocks', 'from', ""wallingford's"", 'business', 'district.)']"
378,"['wallingford', 'is', 'a', 'mostly-residential', 'neighborhood,', 'situated', 'between', 'the', 'restaurants,', 'bars', 'and', 'nightlife', 'of', 'fremont', 'or', 'ballard,', 'and', 'the', 'buzzing,', 'academic', 'university', 'district.']"
379,"['the', 'wallingford', 'in', 'is', 'one', 'the', 'most', 'charming,', 'beautiful,', 'and', 'safest', 'in', 'the', 'city.', 'there', 'are', 'dozens', 'of', 'world', 'class', 'restaurants', 'within', 'distance,', 'or', 'a', 'short', 'bus', 'ride,', 'along', 'with', 'some', 'unbeatable', 'dive', 'bars', 'and', 'cheap,', 'delicious', 'eats.', 'this', 'apartment', 'is', 'just', 'three', 'blocks', 'away', 'from', 'a', 'grocery', 'store', 'and', '5', 'short', 'blocks', 'away', 'from', 'breathtaking', 'gasworks', 'park!']"
380,"['wallingford', 'is', 'a', 'mostly-residential', 'neighborhood,', 'situated', 'between', 'the', 'restaurants,', 'bars', 'and', 'nightlife', 'of', 'fremont', 'or', 'ballard,', 'and', 'the', 'buzzing,', 'academic', 'university', 'district.']"
382,"['the', 'leafy', 'is', 'relaxed', 'and', 'very', 'walkable.', 'head', 'two', 'blocks', 'up', 'the', 'street', 'and', ""you'll"", 'find', 'pubs,', 'restaurants', '(try', 'kisaku', 'sushi', '-', ""it's"", 'excellent),', 'coffee', 'shops', 'and', 'a', 'general', 'store', 'in', 'tangletown.', 'head', 'a', 'little', 'further', 'south', 'and', 'you', 'can', 'explore', 'the', 'buzzing', 'wallingford', 'with', 'a', 'huge', 'variety', 'of', 'places', 'to', 'eat,', 'shop', 'and', 'play.', ""you're"", 'five', 'minutes', 'from', 'beautiful', 'green', 'lake', 'and', ""it's"", 'pitch-and-putt', 'golf', 'course,', 'as', 'well', 'as', 'tennis', 'courts,', 'sports', 'fields', 'and', 'a', 'running', 'track.']"
383,"['wallingford', 'is', 'a', 'in', 'north', 'central', 'seattle,', 'lying', 'on', 'a', 'above', 'the', 'north', 'shore', 'of', 'lake', 'union', 'about', 'four', 'miles', 'from', 'the', 'downtown', 'core.', 'the', 'developed', 'quickly', 'during', 'the', 'early', '20th', 'century', 'after', 'the', 'establishment', 'of', 'the', 'university', 'of', 'washington', 'to', 'the', 'east.', 'with', 'trolley', 'tracks', 'laid', 'through', 'the', 'as', 'early', 'as', '1907,', 'wallingford', 'is', 'a', 'classic', 'streetcar', 'suburb,', 'typified', 'by', 'its', 'many', '1920s', 'era', 'box', 'houses', 'and', 'bungalows.', 'commercial', 'development', 'is', 'primarily', 'concentrated', 'along', '45th', 'street', 'where', 'a', 'number', 'of', 'iconic', 'structures', 'stand', 'including', 'the', 'neon', '""wallingford""', 'sign,', 'the', 'wallingford', 'center,', 'the', 'guild', '45th,', 'and', 'the', 'original', ""dick's"", 'drive-in.', 'with', 'its', 'central', 'location,', 'numerous', 'public', 'amenities,', 'including', 'the', 'world-renowned', 'gas', 'works', 'park,', 'and', 'views', 'of', 'both', 'the', 'olympic', 'and', 'cascade', 'mountains,', 'wallingford', 'has', 'long', 'been', 'home', 'to', 'many', 'middle', 'and', 'upper-class', 'families.', 'in', '2014', 'brooks', 'sports', 'moved', 'its', 'headquarters', 'from', 'bothell', 'to', 'a', 'new', 'six-story', 'office', 'building', 'at', 'the', 'sou']"
385,"['quiet', 'residential', 'with', 'plenty', 'of', 'free', 'parking!', 'easy', 'to', 'shopping,', 'greenlake', 'park,', 'and', 'mere', 'blocks', 'from', 'the', 'i-5', 'freeway', 'taking', 'you', 'anywhere', 'in', 'seattle.']"
386,"['tons', 'of', 'local', 'restaurants,', 'bars,', 'cafes,', 'stores,', 'parks,', 'clubs,', 'live', 'music,', 'old', 'movie', 'theaters.', 'i', 'have', 'a', 'full', 'list', 'in', 'the', 'house', 'and', 'will', 'add', 'here', 'soon!', 'wallingford', 'has', 'a', 'pharmaca,', 'a', 'qfc', 'and', 'tons', 'of', 'great', 'stores.', 'fremont', 'is', 'a', 'few', 'minutes', 'away', 'and', 'has', 'a', 'pcc', 'and', 'lots', 'of', 'lovely', 'boutiques', 'and', 'every', 'kind', 'of', 'restaurant,', 'bar,', 'live', 'music', 'venue', 'imaginable.']"
387,"['the', 'greenlake', 'is', 'close', 'to', 'many', 'great', 'restaurants', '(', 'lucia', 'down', 'by', 'the', 'lake', 'is', 'one', 'of', 'my', ""favorite's)"", 'and', 'coffee', 'shops.', 'the', 'lake', 'and', 'park', 'it', 'self', 'has', 'swimming,', 'kayak', 'and', 'paddle', 'boards', 'rentals', 'and', 'a', 'trail', 'of', 'almost', '3', 'miles', 'around', 'the', 'lake.', 'bike', 'rental', 'at', ""gregg's"", 'bike', 'shop', 'is', 'also', 'available.']"
388,"['our', 'is', 'fabulous.', 'we', 'often', 'go', 'days', 'without', 'using', 'our', 'car', 'as', 'there', 'are', 'restaurants,', 'coffee', 'shops,', 'markets', 'and', 'movie', 'theaters', 'in', 'distance.', 'we', 'run', 'and', 'around', 'green', 'lake', 'park', 'which', 'has', 'a', '2.8', 'mile', 'path', 'around', 'the', 'lake', 'and', 'to', 'numerous', 'excellent', 'playgrounds.', 'we', 'are', 'close', 'to', 'university', 'of', 'washington,', 'to', 'the', 'woodland', 'park', 'zoo', 'and', 'situated', 'well', 'for', 'quick', 'trips', 'around', 'the', 'area', 'and', 'downtown.']"
389,"['wallingford', 'is', 'a', 'mostly-residential', 'neighborhood,', 'situated', 'between', 'the', 'restaurants,', 'bars', 'and', 'nightlife', 'of', 'fremont', 'or', 'ballard,', 'and', 'the', 'buzzing,', 'academic', 'university', 'district.']"
390,"['quiet', 'residential', 'with', 'lots', 'of', 'cozy', 'cafes,', 'fun', 'bars', '(seamonster!)', 'and', 'some', 'of', 'the', 'best', 'restaurants', 'in', 'the', 'city,', 'all', 'within', 'distance.']"
391,"['lots', 'of', 'restaurants', 'within', 'distance,', 'including', 'a', '7-eleven', 'at', 'the', 'end', 'of', 'the', 'block', 'with', 'ben', '&', ""jerry's"", 'ice', 'cream!', 'easy', 'access', 'to', 'i-5.', 'friendly', 'neighbors.', 'safe', 'street.']"
392,"['wallingford', 'epitomizes', ""seattle's"", 'intentional', '""neighborhood', 'village""', 'model.', 'we', 'call', 'our', 'grocery', 'clerks', 'and', 'hardware', 'folks', 'by', 'name,', 'enjoy', 'pints', 'at', ""kate's"", 'pub', 'down', 'the', 'street', 'and', 'to', 'favorite', 'sushi,', 'italian', 'and', 'mexican', 'haunts,', 'all', 'within', 'a', 'ten', 'minute', 'walk.', 'our', 'guild', '45th', 'theaters', 'show', 'independent', 'films.', 'greenlake', 'and', 'gasworks,', 'fantastic', 'parks,', 'are', '25', 'minute', 'walks', 'north', 'and', 'south', 'respectively,', 'meridian', 'park', 'is', 'five', 'blocks', 'west.', 'we', 'even', 'have', 'open', 'books,', 'a', 'poetry', 'bookstore.']"
393,"['the', 'suite', 'is', 'conveniently', 'located', 'off', 'either', 'i-5', 'or', '99/aurora', 'and', 'is', 'easy', 'to', 'find.', 'we', 'are', 'also', 'within', 'distance', 'of', 'the', 'fantastic', 'walking/jogging', 'path', 'around', 'green', 'lake', 'and', 'all', 'of', 'the', 'shops', 'and', 'restaurants', 'along', '45th', 'street', 'in', 'wallingford.']"
394,"['centrally-located', 'wallingford', 'is', 'close', 'to', 'much', 'of', 'what', 'has', 'to', 'offer.', 'minutes', 'away', 'from', 'lake', 'union,', 'greenlake,', 'woodland', 'park', 'zoo,', 'funky', 'fremont,', 'the', 'university', 'district,', 'and', 'downtown', 'with', 'its', 'pike', 'place', 'market,', 'aquarium,', 'waterfront,', 'and', 'space', 'needle.']"
395,"['wallingford', 'is', 'a', 'mostly-residential', 'neighborhood,', 'situated', 'between', 'the', 'restaurants,', 'bars', 'and', 'nightlife', 'of', 'fremont', 'or', 'ballard,', 'and', 'the', 'buzzing,', 'academic', 'university', 'district.']"
396,"['i', 'love', 'being', 'within', 'distance', 'of', 'the', 'uw', 'and', 'wallingford.']"
397,"['our', 'home', 'is', 'within', 'distance', 'of', 'greenlake', '(10', 'min.),', 'and', 'several', 'wonderful', 'restaurants', 'and', 'cafes.', 'greenlake', 'is', 'wonderful', 'recreational', 'area.', 'excellent', 'for', 'walking,', 'cycling,', 'or', 'running.', 'there', 'is', 'also', 'a', 'rental', 'area', 'for', 'small', 'water', 'crafts', 'and', 'a', 'playground', 'and', 'pool', 'nearby.', 'woodland', 'zoo', 'is', 'a', 'short', 'from', 'greenlake.', 'over', 'the', 'summer', 'woodland', 'zoo', 'hosts', 'outdoor', 'concerts.', 'there', 'are', 'three', 'fantastic', 'restaurants', 'within', 'three', 'blocks', 'from', 'our', 'home.', 'they', 'include', ""eva's"", 'restaurant', 'and', 'wine', 'bar,', 'kisaku', 'sushi,', 'and', 'the', 'elysian-tangletown...', 'fine', 'dinning', 'to', 'pub', 'fare.', 'cafes', 'close', 'by', 'include', 'zoka', 'coffee', 'roaster,', 'mighty', 'o', 'donuts,', 'and', 'hiroki', 'specialty', 'deserts.', 'we', 'love', 'our', 'and', ""it's"", 'close', 'proximity', 'to', 'all', 'the', 'things', 'we', 'enjoy...', 'good', 'food,', 'entertainment,', 'and', 'recreation.']"
398,"['great', 'coffee,', 'bars,', 'restaurants,', 'but', 'this', 'block', 'is', 'very', 'quiet.', 'not', 'a', 'major', 'street', 'so', 'little', 'traffic', 'too.', 'easy', 'free', 'parking', 'right', 'outside.']"
399,"[""it's"", 'a', 'quiet', 'block', 'but', 'a', 'short', 'away', 'are', 'more', 'amazing', 'bars,', 'restaurants,', 'music', 'venues,', 'and', 'parks', 'than', 'you', 'can', 'shake', 'a', 'stick', 'at!']"
400,"['this', '(wallingford)', 'is', 'only', 'a', 'few', 'miles', 'from', 'downtown', 'and', 'is', 'adjacent', 'to', 'fremont', 'and', 'the', 'university', 'of', 'washington.', 'lake', 'union', 'and', 'its', 'scenic', 'shoreline', 'are', 'a', 'few', 'blocks', 'away.', 'good', 'restaurants', 'are', 'within', 'easy', 'distance', 'of', 'the', 'house.']"
401,"['wallingford', 'is', 'one', 'of', 'the', 'hippest', 'and', 'most', 'popular', 'areas', 'of', 'seattle.', 'it', 'is', 'very', 'conveniently', 'located', 'to', 'interstate', '5,', 'which', 'gives', 'you', 'easy', 'access', 'to', 'explore', 'the', 'puget', 'sound', 'and', 'its', 'islands.', 'for', 'your', 'kids,', 'we', 'have', 'the', 'wonderful', '""wallingford', 'playfield""', 'just', 'a', '12', 'min', 'walk.', 'you', 'are', 'only', '25', 'min', 'by', 'bus', 'from', 'downtown', 'seattle.']"
402,"['this', 'location', 'is', 'in', 'the', 'greenlake', '/', 'wallingford', 'in', 'seattle.', 'nearby', 'parks', 'include', 'greenlake', 'park,', 'woodland', 'park,', 'university', 'playground,', 'and', 'meridian', 'park.', 'greenlake', 'tangletown', 'is', 'just', 'a', 'few', 'blocks', 'away.']"
403,"['wallingford', 'is', 'the', 'center', 'of', 'north', 'seattle.', 'easy', 'access', 'to', 'the', 'city,', 'university', 'district,', 'fremont', 'and', 'ballard,', 'i-5', 'and', 'all', 'bus', 'routes.', 'tons', 'of', 'shopping', 'and', 'dining', 'within', 'distance', 'on', '45th', 'as', 'well', 'as', 'around', 'green', 'lake.', 'there', 'are', 'far', 'too', 'many', 'options', 'to', 'choose', 'from', 'if', 'you', 'prefer', 'to', 'make', 'coffee', 'in', 'the', 'morning', '(we', 'have', 'a', 'mr.', 'coffee', 'as', 'well),', 'and', 'even', 'more', 'within', 'short', 'distance.']"
404,"['wallingford', 'is', 'a', 'mostly-residential', 'neighborhood,', 'situated', 'between', 'the', 'restaurants,', 'bars', 'and', 'nightlife', 'of', 'fremont', 'or', 'ballard,', 'and', 'the', 'buzzing,', 'academic', 'university', 'district.']"
405,"['our', 'is', '100%', 'walkable!', 'we', 'are', 'distance', 'from', 'coffee', 'shops,', 'tea', 'shop,', 'restaurants', 'of', 'all', 'kinds,', 'a', 'grocery', 'store', 'and', 'many', 'gift', 'shops.', 'also,', 'distance', 'from', '3', 'amazing', 'parks', 'and', ""seattle's"", 'own', 'organic', 'tilth', 'garden,', ""farmer's"", 'market,', 'and', 'gasworks', 'park!']"
406,"['we', 'are', 'centrally', 'located', 'with', 'parks,', 'restaurants,', 'coffee,', 'seasonal', 'farmers', 'market,', 'libraries,', 'and', 'shopping', 'within', 'distance.', ""we've"", 'got', 'all', 'the', 'insider', 'tips', 'to', 'getting', 'the', 'most', 'out', 'of', 'your', 'stay', 'and', 'are', 'happy', 'to', 'interact', 'and', 'share', 'them', 'with', 'you.']"
407,"['what', 'do', 'i', 'love', 'about', 'my', 'neighborhood?', 'almost', 'everything!!!', 'i', 'love', 'the', 'houses,', 'my', 'neighbors,', 'and', 'the', 'short', 'to', 'anything', 'one', 'could', 'need', '-', 'grocery', 'store,', 'drugstore,', 'hardware', 'store', '(very', 'important', 'to', 'an', 'old', 'house', 'owner),', 'a', 'wonderful', 'array', 'of', 'restaurants', 'from', 'afghani', 'to', 'thai.', ""it's"", 'also', 'a', 'really', 'good', 'for', 'walks,', 'as', 'the', 'houses', 'around', 'here', 'are', 'quite', 'well', 'taken', 'care', 'of,', 'and', 'many', 'of', 'them', 'have', 'lovely', 'gardens.', 'if', 'you', 'like', 'pet-patting', 'as', 'i', 'do,', 'there', 'are', 'a', 'lot', 'of', 'dog', 'owners', 'their', 'pets', 'throughout', 'the', 'day,', 'and', 'i', 'have', 'found', 'them', 'to', 'be', 'quite', 'generous', 'in', 'sharing', 'the', 'affection', 'of', 'their', 'dogs.', 'safety:', 'wallingford', 'is', 'a', 'very', 'safe', 'neighborhood,', 'and', 'i', 'have', 'never', 'felt', 'personally', 'unsafe', 'either', 'at', 'home', 'or', 'around,', 'no', 'matter', 'the', 'hour.', 'that', 'said,', ""it's"", 'a', 'fairly', 'wealthy', 'and', 'there', 'are', 'enough', 'instances', 'of', 'cars', 'being', 'broken', 'into', 'to', 'justify', 'caution:', 'please', 'do', 'not', 'leave', 'anything', 'in', 'your', 'car', 'that', 'you', 'value!', 'there', 'are', 'several', 'parks', 'around,', 'including', 'meridian', 'park']"
408,"['our', 'home', 'is', 'withing', 'distance', 'to', 'gas', 'works', 'park,', 'fremont', 'and', 'the', 'burke-gilman', 'trail.', 'near', 'green', 'lake,', 'the', 'woodland', 'park', 'zoo,', 'and', 'the', 'university', 'of', 'washington.', 'downtown', 'is', 'just', '3.5', 'miles', 'away.', 'if', 'you', 'prefer', 'to', 'stay', 'close,', 'wallingford', 'is', 'the', 'home', 'of', 'many', 'lovely', 'restaurants;', 'westward,', 'cantinetta,', 'joule,', 'the', 'whale', 'wins,', 'and', 'a', 'farmers', 'market', 'in', 'the', 'summer', 'months.']"
409,"['wallingford', '-', 'one', 'of', 'best', 'and', 'most', 'central', 'neighborhoods', 'in', 'seattle.', 'adjacent', 'to', 'fremont,', 'the', 'u', 'district,', 'and', 'green', 'lake.', 'easy', 'access', 'to', '99', '&', '5.', 'not', 'far', 'from', '520', 'bridge.', 'to', 'the', 'east', 'side', '(bellevue,', 'redmond,', 'kirkland)']"
410,"['green', 'lake', 'park', 'has', 'been', 'called', 'the', 'central', 'park', 'of', 'and,', 'indeed', 'has', 'been', 'claimed', 'to', 'be', 'the', '2nd', 'most', 'utilized', 'park', 'in', 'the', 'us.', 'hence,', 'within', 'the', 'you', 'can', 'expect', 'a', 'lot', 'of', 'outdoors', 'and', 'fitness', 'activities.', 'the', 'surrounding', 'is', 'safe', 'and', 'walkable', 'with', 'lots', 'of', 'family', 'activity', 'and', 'playgrounds.', 'we', 'are', 'also', 'adjacent', 'to', 'wallingford', 'and', 'roosevelt', 'neighborhoods', 'with', 'lots', 'of', 'great', 'restaurants,', 'bars', 'and', 'shopping.']"
411,"['i', 'love', 'the', 'proximity', 'to', 'the', 'city,', 'downtown', 'area,', 'and', 'easy', 'accessibility', 'to', 'freeway', 'and', 'alternate', 'routes', 'to', 'the', 'city.']"
412,"['anything', 'one', 'might', 'need', 'is', 'within', 'a', '15', 'minute', 'of', 'the', 'house.', 'if', 'you', 'wish', 'to', 'explore', 'further,', 'public', 'transit', 'stops', '200', 'feet', 'from', 'the', 'house.', 'our', 'is', 'mostly', '80', 'to', '100', 'year', 'old', 'craftsman', 'style', 'homes,', 'with', 'lots', 'of', 'trees', 'and', 'lovely', 'gardens.', 'wonderful', 'gas', 'works', 'park', 'is', 'a', '10', 'minute', 'from', 'the', 'house.']"
414,"[""we're"", 'just', 'a', 'few', 'blocks', 'to', 'some', 'of', 'the', 'best', 'coffeeshops', '(in', 'the', 'world?)', 'like', 'zoka', 'and', 'maybe', 'a', 'mile', 'to', 'lighthouse', 'roasters,', '8', 'blocks', 'to', 'chocolati,', '4', 'blocks', 'to', 'the', 'lake', 'for', 'walking,', 'swimming', 'or', 'biking', '(great', '3+', 'mile', 'trail', 'around', 'the', 'lake', '-', 'very', 'popular', 'spot).']"
415,"['we', 'are', 'in', 'the', 'middle', 'of', 'a', 'great', 'area:', 'the', 'uw,', 'the', 'shops', 'and', 'cafes', 'of', 'wallingford,', 'and', 'swimming', 'or', 'around', 'green', 'lake.', 'for', 'those', 'in', 'search', 'of', 'nightlife,', 'downtown', 'and', 'are', 'a', '15', 'minute', 'drive', 'away.']"
416,"['very', 'friendly,', 'safe,', 'and', 'quiet', 'with', 'many', 'tasty', 'and', 'affordable', 'cafes', 'and', 'restaurants', 'nearby.', '24-hour', 'market', 'qfc', 'and', 'gas', 'stations', 'nearby.']"
417,"['wallingford', 'is', 'a', 'family', 'friendly', 'six', 'miles', 'north', 'of', 'downtown', 'seattle.', 'excellent', 'local', 'restaurants', 'can', 'be', 'found', 'on', '45th', 'and', 'stoneway', '(cantinetta,', 'kabul', 'afghan', 'cuisine,', 'kozue', 'sushi,', 'tilth,', 'russels', 'bar,', 'the', 'whale', 'wins,', 'joule,', 'westward,', 'and', 'kids', 'love', 'tutta', 'bella', 'pizza).', 'explore', 'gasworks', 'park', 'and', 'two', 'local', 'playgrounds', '(meridian', 'and', 'wallingford).', 'sample', 'local', 'ice', 'cream', 'from', 'molly', 'moons', 'and', 'fainting', 'goat.', 'to', 'cook', 'at', 'home,', 'qfc', 'and', 'trader', 'joes', 'are', 'both', 'a', 'short', 'bike', 'ride', 'away.', 'if', 'you', 'want', 'to', 'explore', 'beyond', 'wallingford,', 'a', 'five', 'minute', 'east', 'brings', 'you', 'to', 'the', 'university', 'of', 'washington', 'and', 'to', 'the', 'west', 'lies', 'fremont', 'and', 'ballard.']"
419,"['the', ""neighborhood's"", 'stellar', 'location', ""can't"", 'be', 'beat!', 'minutes', 'away', 'from', 'everything', 'in', 'seattle;', 'from', 'belltown,', 'downtown,', 'green', 'lake,', 'fremont,', 'to', '3', 'different', 'universities,', 'and', 'beyond.', 'this', 'is', 'a', 'hot', 'urban', 'area,', 'lots', 'to', 'do,', 'see', 'and', 'access', 'to', 'everywhere.', 'enjoy.']"
421,"['wallingford', 'is', 'a', 'mostly-residential', 'neighborhood,', 'situated', 'between', 'the', 'restaurants,', 'bars', 'and', 'nightlife', 'of', 'fremont', 'or', 'ballard,', 'and', 'the', 'buzzing,', 'academic', 'university', 'district.']"
422,"['wallingford', 'is', 'a', 'quintessential', 'with', 'original', 'craftsman', 'and', 'tudor', 'style', 'homes.', 'it', 'is', 'a', 'great', 'place', 'to', 'take', 'walks', 'to', 'see', 'what', 'has', 'to', 'offer.', 'from', 'our', 'home,', 'we', 'have', 'a', 'score', 'of', '95,', 'meaning', 'that', 'you', 'do', 'not', 'need', 'a', 'car', 'to', 'meet', 'your', 'daily', 'needs.', 'we', 'are', '4', 'blocks', 'from', '45th', 'street,', 'the', 'main', 'drag', 'of', 'wallingford.', 'we', 'are', 'in', 'distance', 'to', 'a', 'grocery', 'store,', 'pharmacies,', 'endless', 'restaurants', '(italian,', 'mexican,', 'thai,', 'sushi,', 'japanese,', 'ramen,', 'pizza,', 'turkish,', 'vietnamese,', 'malaysian,', 'pubs,', 'farm', 'to', 'table,', 'etc.),', 'bars,', 'homemade', 'ice', 'cream,', 'gelato,', 'and', 'cup', 'cakes,', 'a', 'beer', 'store,', 'dry', 'cleaners,', 'and', 'gas', 'station.', 'we', 'are', 'also', 'close', 'to', 'several', 'parks', 'that', 'offer', 'play', 'grounds', 'for', 'kiddos', 'and', 'to', 'green', 'lake', 'park,', 'which', 'is', 'a', '2.8', 'mile', 'paved', 'loop', 'around', 'green', 'lake.', 'from', 'our', 'door', 'it', 'is', 'about', '3.5', 'miles', 'round', 'trip.', 'it', 'is', 'great', 'to', 'go', 'for', 'a', 'run', 'or', 'around', 'and', 'explore', 'the', 'green', 'lake', 'neighborhood.', 'there', 'is', 'also', 'a', '9', 'hole', 'pitch-n-put', 'course', 'that', 'is', 'open', 'seasonally.', 'other', 'parks', 'in', 'the', 'area', 'in']"
423,"['wallingford', '-', 'one', 'of', 'best', 'and', 'most', 'central', 'neighborhoods', 'in', 'seattle.', 'adjacent', 'to', 'fremont,', 'the', 'u', 'district,', 'and', 'green', 'lake.', 'easy', 'access', 'to', '99', '&', '5.', 'not', 'far', 'from', '520', 'bridge.']"
425,"['wallingford', 'is', 'one', 'of', 'the', 'most', 'charming', 'neighborhoods', 'in', 'seattle,', 'full', 'of', 'young', 'families,', 'students,', 'and', 'young', 'professionals.', 'we', 'are', 'close', 'to', 'gas', 'works', 'park,', 'the', 'zoo,', 'green', 'lake,', 'the', 'uw', 'and', 'downtown.', 'you', 'will', 'find', 'everything', 'you', 'need', 'in', 'this', 'neighborhood,', 'and', 'there', 'is', 'plenty', 'of', 'public', 'transportation', 'that', 'will', 'take', 'you', 'anywhere', 'you', 'need', 'to', 'go', 'in', 'seattle!']"
427,"['awesome', 'family', 'friendly', 'with', 'parks,', 'restaurants,', 'shops,', 'organic', 'food', 'stores,', 'libraries.', ""it's"", 'the', 'ideal', 'location', 'for', 'getting', 'to', 'downtown', 'or', 'the', 'uw', 'and', 'still', 'quiet', 'at', 'night.']"
428,"['convenient', 'location', 'to', 'get', 'anywhere', 'in', 'the', 'area', 'quickly,', 'while', 'maintaining', 'charm!']"
429,"['we', 'live', 'in', 'heart', 'the', 'wallingford', 'neighborhood.', 'beautiful', 'old', 'homes', 'with', 'nice', 'sidewalks', 'to', 'stroll', 'down', 'admiring', 'all', 'the', 'unique', 'gardens', '&', 'blooming', 'flowers.', 'a', 'casual', 'stroll', '&', ""you'll"", 'find', 'yourself', 'in', 'a', 'fun', 'shopping', 'area.', 'local', 'restaurants', '&', 'cafes.', 'coffee', 'shops', '&', 'a', 'ice', 'cream', 'shop', 'that', 'always', 'has', 'a', 'line', 'out', 'front.']"
430,"['if', 'you', 'arrive', 'early', 'for', 'check', 'in', 'at', '3,', 'i', 'recommend', 'archie', ""mcfee's"", 'for', 'joke', 'gifts', 'for', 'all', 'occasions!', '...', 'and', 'tutti', 'bella', 'is', 'fab', 'pizza', 'both', 'blocks', 'away', '44', 'n', 'stone,', '45th', 'and', 'stone.', 'there', 'is', 'always', 'gasworks', 'park,(', 'great', 'views)', 'and', 'the', 'essential', 'bakery', 'for', 'lunch', ',34th', 'and', 'woodlawn...a', 'picnic?!']"
432,"['the', 'views', 'from', 'our', 'top', 'floor!', 'wallingford', 'has', 'so', 'much', 'to', 'offer', '-', 'parks,', 'community', 'centers,', 'restaurants,', 'bars,', 'shops,', 'etc.', 'we', 'have', 'lived', 'in', 'neighborhoods', 'all', 'through', 'seattle,', 'and', 'we', 'feel', 'this', 'is', 'our', 'favorite', 'so', 'far!']"
433,"['green', 'lake', 'is', 'amazing.', 'it', 'has', 'cafes,', 'restaurants,', 'pubs', 'and', 'many', 'stores', 'all', 'within', 'distance', 'or', 'by', 'bus.', 'the', 'closest', 'two', 'grocery', 'stores', 'are', 'pcc', 'and', 'whole', 'foods.', 'seasonal', 'activities', 'and', 'cultural', 'events', 'take', 'place', 'in', 'the', 'area', 'throughout', 'the', 'year.', 'walking,', 'biking,', 'running,', 'rowing', 'are', 'some', 'of', 'the', 'preferred', 'health', 'improvement', 'activities', 'around', 'the', 'lake.']"
434,"['the', 'key', 'appeal', 'to', 'the', 'wallingford', 'manor', 'is', 'its', 'central', 'location.', 'ten', 'minute', 'to', 'the', 'heart', 'of', 'fremont,', 'fifteen', 'minute', 'to', 'the', 'heart', 'of', 'wallingford.', 'gas', 'works', 'park', 'and', 'the', 'burke-gilman', 'trail', 'is', 'a', 'five', 'minute', 'walk.', 'there', 'are', 'many', 'award', 'winning', 'restaurants', 'walkable,', 'and', 'like', 'any', 'good', 'spot,', 'great', 'coffee', 'shops.']"
435,"['wallingford', 'is', 'a', 'mostly-residential', 'neighborhood,', 'situated', 'between', 'the', 'restaurants,', 'bars', 'and', 'nightlife', 'of', 'fremont', 'or', 'ballard,', 'and', 'the', 'buzzing,', 'academic', 'university', 'district.']"
436,"['join', 'this', 'unique', 'friendly', 'lake', 'union', 'live', 'aboard', 'community', 'of', 'floating', 'homes,', 'house', 'boats', 'and', 'house', 'barges.', 'lake', 'union', 'is', 'a', 'freshwater', 'lake', 'in', 'seattle,', 'joined', 'by', 'waterways', 'to', 'puget', 'sound', 'and', 'lake', 'washington.', 'gas', 'works', 'park', 'is', 'our', 'backyard.', 'the', 'park', 'sits', 'on', 'the', 'north', 'end', 'of', 'the', 'lake,', 'a', '19.1', 'acre', 'public', 'park', 'built', 'on', 'the', 'site', 'of', 'a', 'former', 'gasification', 'plant,', 'with', 'ruins', 'and', 'pieces', 'of', 'the', 'old', 'plant', 'still', 'standing', 'and', 'built', 'into', 'the', 'park.', 'the', 'park', 'offers', 'grassy', 'hills', 'for', 'kite', 'flying,', 'picnics,', 'and', 'wide', 'vistas', 'of', 'the', 'lake', 'and', 'city.', 'the', 'burke-gilman', 'trail', 'runs', 'along', 'the', 'northern', 'edge', 'of', 'the', 'park.', 'seaplanes', 'scoot', 'in', 'and', 'out', 'of', 'lake', 'union,', 'on', 'their', 'way', 'to', 'and', 'from', 'the', 'san', 'juan', 'islands', 'and', 'british', 'columbia.', 'the', 'lake', 'shores', 'are', 'lined', 'with', 'houseboats,', 'and', 'commercial', 'and', 'private', 'docks', 'for', 'owners', 'and', 'renters', 'of', 'tugs,', 'yachts,', 'tour', 'ships,', 'sailboats,', 'kayaks', 'and', 'canoes.', 'the', 'center', 'for', 'wooden', 'boats', 'is', 'a', 'nautical', 'museum', 'on', 'the', 'south', 'shore,', 'with', 'historical', 'boats,', 'sailing', 'events,', 'classes', 'and', 'workshops.']"
437,"['great', 'location.', 'every', 'cool', 'is', 'less', 'than', '5', 'miles', 'away.', 'just', 'down', 'the', 'from', 'our', 'home', 'there', 'is', 'a', 'bike/walking', 'path', 'that', 'can', 'take', 'you', 'to', 'downtown,', 'south', 'lake', 'union,', 'fremont,', 'ballard', 'and', 'the', 'university', 'district', 'area.', 'hungry?', 'there', 'is', 'a', 'great', 'variety', 'of', 'restaurants', 'and', 'coffee', 'shops.', 'our', 'has', 'many', 'award', 'winning', 'chefs', 'and', 'restaurants.', 'in', 'fact,', 'just', 'a', '2', 'min', 'will', 'take', 'you', 'to', 'one', 'of', 'the', 'best', 'new', 'restaurants', 'in', 'the', 'u.s']"
438,"['calm', 'and', 'quiet', 'at', 'night.', '5-10', 'minutes', 'away', 'from', 'the', 'hip', 'fremont', 'nightlife', 'area.', 'plenty', 'of', 'grocery', 'stores', 'nearby', 'including', 'qfc', 'on', '45th', 'and', 'wallingford.', 'if', 'you', 'have', 'a', 'free', 'afternoon', 'and', ""it's"", 'nice', 'out,', 'or', 'bike', 'along', 'the', 'beautiful', 'burke-gilman', 'trail', 'along', 'the', 'north', 'side', 'of', 'lake', 'union!']"
439,"['we', 'love', 'greenlake', 'and', ""it's"", 'close', 'proximity', 'to', 'all', 'the', 'things', 'we', 'enjoy...', 'amazing', 'cuisine,', 'entertainment,', 'and', 'the', 'recreation', 'at', 'greenlake.', 'our', 'home', 'is', 'conveniently', 'located', 'about', 'five', 'miles', 'away', 'from', 'popular', 'downtown', 'tourist', 'attractions,', 'even', 'closer', 'to', 'hip', 'districts', 'like', 'hill,', 'ballard', 'and', 'fremont.', 'we', 'live', 'very', 'close', 'to', 'i-5,', 'so', 'it', 'is', 'convenient', 'to', 'get', 'onto', 'the', 'freeway', 'to', 'go', 'to', 'farther', 'areas', 'in', 'washington', '(vancouver,', 'canada,', 'rainier', 'national', 'park,', 'north', 'cascades,', 'eastern', 'washington).', 'greenlake', 'my', 'home', 'is', 'five', 'blocks', 'from', 'green', 'lake,', 'perfect', 'for', 'strolling', 'during', 'sunsets', 'or', 'an', 'early', 'morning', 'run,', 'also', 'excellent', 'for', 'cycling,', 'and', 'roller', 'blading.', 'greenlake', 'also', 'offers', 'a', 'rental', 'area', 'for', 'small', 'watercrafts,', 'a', 'playground', 'and', 'pool', 'nearby.', ""greg's"", 'greenlake', 'offers', 'bicycle', 'rentals', 'and', 'other', 'outdoor', 'gear.', 'woodland', 'park', 'zoo', 'woodland', 'zoo', 'is', 'a', 'short', 'from', 'greenlake.', 'over', 'the', 'summer', 'woodland', 'zoo', 'hosts', 'incredible', 'outdoor', 'concerts.', 'food', '&', 'beverage', 'there', 'are', 'many', 'fantastic', 'restaurants', 'within', 'fou']"
440,"['this', 'is', 'a', 'highly', 'desirable', 'location', 'at', 'the', 'hub', 'of', 'three', 'prime', 'neighborhoods', '-', 'wallingford,', 'fremont', 'and', 'greenlake.', 'there', 'is', 'easy', 'direct', '(no', 'transfers)', 'access', 'by', 'metro', 'bus', 'to', 'downtown,', 'the', 'university', 'of', 'washington,', 'ballard', 'and', 'northgate.', 'in-city', 'suite', 'is', 'on', 'a', 'street', 'of', 'single', 'family', 'homes', 'in', 'the', 'midst', 'of', 'a', 'lively', 'urban', 'setting.', 'there', 'are', 'restaurants', 'and', 'coffee', 'shops', 'in', 'all', 'directions.', 'drugstores,', 'a', 'grocery', 'with', 'deli,', 'ice', 'cream', 'parlors,', 'a', 'movie', 'theater', 'and', 'eclectic', 'shopping', 'are', 'all', 'easily', 'walkable.', ""we're"", 'on', 'two', 'bus', 'lines', 'for', 'city-wide', 'access.', '(see', 'guest', 'access', 'section', 'for', 'details)', 'if', 'you', 'hanker', 'for', 'more', 'exercise', 'or', 'a', 'natural', 'setting', 'green', 'lake', 'park', 'is', 'within', 'range.', 'the', '2.8', 'mile', 'path', 'that', 'circles', 'the', 'lake', 'is', 'popular', 'with', 'walkers,', 'joggers,', 'and', 'bicyclists', 'or', 'all', 'ages.', 'look', 'for', 'great', 'blue', 'herons,', 'bald', 'eagles', 'and', 'turtles', 'on', 'a', 'log.', 'tennis', 'courts,', 'sports', 'fields,', 'a', 'small', 'golf', 'course', 'and', 'boating', 'are', 'also', 'available.', 'in', 'the', 'upper', 'park', ""you'll"", 'find', 'the', 'woodland', 'park', 'zoo', 'with']"
442,"['in', 'this', 'quiet', 'greenlake', 'just', '1/2', 'block', 'from', 'the', 'greenlake', 'trail', 'you', 'will', 'see', 'people', 'to', 'the', 'lake,', 'riding', 'bikes', 'and', 'their', 'dogs.', 'this', 'is', 'definitely', 'a', 'family', 'atmosphere.']"
443,"['great', 'and', 'very', 'walk-able', 'and', 'friendly', 'neighbors.', 'short', 'from', 'university', 'of', 'washington,', 'restaurants/bar/coffee', 'shops/movie', 'theaters,', 'burke-gilman', 'trail,', 'gasworks', 'park,', 'wallingford', 'park', 'etc.']"
445,"['we', 'love', 'greenlake', 'and', ""it's"", 'close', 'proximity', 'to', 'all', 'the', 'things', 'we', 'enjoy...', 'amazing', 'cuisine,', 'entertainment,', 'and', 'the', 'recreation', 'at', 'greenlake.', 'our', 'home', 'is', 'conveniently', 'located', 'about', 'five', 'miles', 'away', 'from', 'popular', 'downtown', 'tourist', 'attractions,', 'even', 'closer', 'to', 'hip', 'districts', 'like', 'hill,', 'ballard', 'and', 'fremont.', 'we', 'live', 'very', 'close', 'to', 'i-5,', 'so', 'it', 'is', 'convenient', 'to', 'get', 'onto', 'the', 'freeway', 'to', 'go', 'to', 'farther', 'areas', 'in', 'washington', '(vancouver,', 'canada,', 'rainier', 'national', 'park,', 'north', 'cascades,', 'eastern', 'washington).', 'greenlake', 'my', 'home', 'is', 'five', 'blocks', 'from', 'green', 'lake,', 'perfect', 'for', 'strolling', 'during', 'sunsets', 'or', 'an', 'early', 'morning', 'run,', 'also', 'excellent', 'for', 'cycling,', 'and', 'roller', 'blading.', 'greenlake', 'also', 'offers', 'a', 'rental', 'area', 'for', 'small', 'watercrafts,', 'a', 'playground', 'and', 'pool', 'nearby.', ""greg's"", 'greenlake', 'offers', 'bicycle', 'rentals', 'and', 'other', 'outdoor', 'gear.', 'woodland', 'park', 'zoo', 'woodland', 'zoo', 'is', 'a', 'short', 'from', 'greenlake.', 'over', 'the', 'summer', 'woodland', 'zoo', 'hosts', 'incredible', 'outdoor', 'concerts.', 'food', '&', 'beverage', 'there', 'are', 'many', 'fantastic', 'restaurants', 'within', 'fou']"
446,"['wallingford', 'wallingford', 'is', 'a', 'quaint', 'with', 'independently', 'owned', 'bars,', 'coffee', 'shops', 'and', 'restaurants.', 'the', 'unit', 'is', 'a', '5', 'min', 'away', 'from', '45th', 'street,', 'which', 'is', 'where', 'most', 'of', 'the', 'action', 'is.', 'fremont', 'a', '15', 'minute', 'away,', 'fremont', 'is', 'the', 'self-proclaimed', 'center', 'of', 'the', 'universe', 'and', 'is', 'also', 'home', 'to', 'great', 'restaurants', 'and', 'nightlife.', 'green', 'lake', 'a', '25-30', 'min', 'north', 'is', 'green', 'lake', 'which', 'is', 'great', 'for', 'jogging,', 'people', 'watching,', 'or', 'grabbing', 'a', 'drink/coffee/lunch/dinner.', 'see', 'my', 'guidebook', 'for', 'more', 'detailed', 'recommendations.']"
